-- phpMyAdmin SQL Dump
-- version 4.8.2
-- https://www.phpmyadmin.net/
--
-- Máy chủ: 127.0.0.1
-- Thời gian đã tạo: Th4 05, 2019 lúc 10:37 PM
-- Phiên bản máy phục vụ: 10.1.34-MariaDB
-- Phiên bản PHP: 7.1.20

SET SQL_MODE = "NO_AUTO_VALUE_ON_ZERO";
SET AUTOCOMMIT = 0;
START TRANSACTION;
SET time_zone = "+00:00";


/*!40101 SET @OLD_CHARACTER_SET_CLIENT=@@CHARACTER_SET_CLIENT */;
/*!40101 SET @OLD_CHARACTER_SET_RESULTS=@@CHARACTER_SET_RESULTS */;
/*!40101 SET @OLD_COLLATION_CONNECTION=@@COLLATION_CONNECTION */;
/*!40101 SET NAMES utf8mb4 */;

--
-- Cơ sở dữ liệu: `personnel-management`
--

-- --------------------------------------------------------

--
-- Cấu trúc bảng cho bảng `ci_sessions`
--

CREATE TABLE `ci_sessions` (
  `id` varchar(128) NOT NULL,
  `ip_address` varchar(45) NOT NULL,
  `timestamp` int(10) UNSIGNED NOT NULL DEFAULT '0',
  `data` blob NOT NULL
) ENGINE=InnoDB DEFAULT CHARSET=utf8;

-- --------------------------------------------------------

--
-- Cấu trúc bảng cho bảng `deduction`
--

CREATE TABLE `deduction` (
  `id` int(11) NOT NULL,
  `name` varchar(255) NOT NULL,
  `start` int(11) NOT NULL,
  `end` int(11) DEFAULT NULL,
  `minus_amount` float NOT NULL,
  `unit` int(1) NOT NULL
) ENGINE=InnoDB DEFAULT CHARSET=utf8;

--
-- Đang đổ dữ liệu cho bảng `deduction`
--

INSERT INTO `deduction` (`id`, `name`, `start`, `end`, `minus_amount`, `unit`) VALUES
(1, 'Block 1', 5, 10, 10000, 0),
(2, 'Block 2', 10, 15, 20000, 0),
(7, 'Block 3', 30, 45, 30000, 0),
(8, 'Block 4', 45, 60, 40000, 0),
(9, 'Block 5', 60, NULL, 0.5, 1);

-- --------------------------------------------------------

--
-- Cấu trúc bảng cho bảng `department`
--

CREATE TABLE `department` (
  `id` int(11) NOT NULL,
  `name` varchar(255) NOT NULL,
  `description` text NOT NULL
) ENGINE=InnoDB DEFAULT CHARSET=utf8;

--
-- Đang đổ dữ liệu cho bảng `department`
--

INSERT INTO `department` (`id`, `name`, `description`) VALUES
(1, 'Nhân sự', 'cla cla cla'),
(5, 'Kế toán', 'piiiiiiiiiii'),
(6, 'DEV', 'bugggggggggggg'),
(11, 'Sản xuất', 'Sản xuất'),
(12, 'Lab', 'Lab'),
(13, 'Marketing', 'Marketing');

-- --------------------------------------------------------

--
-- Cấu trúc bảng cho bảng `explanation`
--

CREATE TABLE `explanation` (
  `id` int(11) NOT NULL,
  `content` text NOT NULL,
  `date_submit` date NOT NULL,
  `date_explanation` date NOT NULL,
  `status` int(11) NOT NULL,
  `approver` int(11) NOT NULL,
  `id_user` int(11) NOT NULL
) ENGINE=InnoDB DEFAULT CHARSET=utf8;

--
-- Đang đổ dữ liệu cho bảng `explanation`
--

INSERT INTO `explanation` (`id`, `content`, `date_submit`, `date_explanation`, `status`, `approver`, `id_user`) VALUES
(20, 'Mình quên chấm công. Mình đến lúc 8h30, về lúc 17h30.', '2019-04-06', '2018-07-14', 0, 1, 9),
(21, 'Tắc đường.....', '2019-04-06', '2018-07-02', 0, 1, 9),
(22, 'Kẹt xe .', '2019-04-06', '2018-07-02', 0, 3, 4),
(23, 'Em quên chấm công. Em đến lúc 8h, về lúc 19h.', '2019-04-06', '2018-07-19', 0, 3, 4);

-- --------------------------------------------------------

--
-- Cấu trúc bảng cho bảng `salary`
--

CREATE TABLE `salary` (
  `id` int(11) NOT NULL,
  `hard_salary` float NOT NULL,
  `subsidize` float NOT NULL,
  `id_user` int(11) NOT NULL
) ENGINE=InnoDB DEFAULT CHARSET=utf8;

--
-- Đang đổ dữ liệu cho bảng `salary`
--

INSERT INTO `salary` (`id`, `hard_salary`, `subsidize`, `id_user`) VALUES
(2, 12000000, 300000, 1),
(3, 13000000, 600000, 7),
(4, 19000000, 100000, 9),
(5, 18000000, 700000, 10),
(6, 16000000, 800000, 18),
(7, 15000000, 200000, 13),
(8, 8000000, 100000, 52),
(9, 20000000, 400000, 57),
(10, 10000000, 100000, 67),
(11, 7000000, 700000, 12),
(12, 10000000, 800000, 3),
(13, 20000000, 300000, 26),
(14, 17000000, 600000, 47),
(15, 6000000, 500000, 36),
(16, 16000000, 800000, 46),
(17, 10000000, 400000, 51),
(18, 9000000, 200000, 59),
(19, 20000000, 200000, 99),
(20, 7000000, 200000, 77),
(21, 11000000, 600000, 90),
(22, 12000000, 300000, 93),
(23, 19000000, 300000, 92),
(24, 16000000, 300000, 110),
(25, 8000000, 600000, 24),
(26, 15000000, 500000, 25),
(27, 11000000, 800000, 29),
(28, 17000000, 500000, 38),
(29, 17000000, 700000, 43),
(30, 8000000, 300000, 41),
(31, 5000000, 300000, 76),
(32, 12000000, 300000, 8),
(33, 6000000, 400000, 58),
(34, 14000000, 100000, 37),
(35, 14000000, 800000, 81),
(36, 16000000, 800000, 82),
(37, 18000000, 600000, 78),
(38, 5000000, 300000, 87),
(39, 18000000, 800000, 89),
(40, 13000000, 400000, 95),
(41, 15000000, 100000, 96),
(42, 19000000, 600000, 33),
(43, 12000000, 200000, 101),
(44, 16000000, 500000, 102),
(45, 20000000, 100000, 103),
(46, 11000000, 900000, 104),
(47, 18000000, 200000, 109),
(48, 14000000, 400000, 112),
(49, 7000000, 800000, 111),
(50, 5000000, 500000, 108),
(51, 5000000, 600000, 11),
(52, 9000000, 900000, 4),
(53, 16000000, 500000, 16),
(54, 11000000, 400000, 34),
(55, 8000000, 900000, 35),
(56, 7000000, 700000, 42),
(57, 6000000, 300000, 32),
(58, 7000000, 500000, 28),
(59, 18000000, 100000, 44),
(60, 17000000, 100000, 71),
(61, 5000000, 800000, 83),
(62, 18000000, 800000, 84);

-- --------------------------------------------------------

--
-- Cấu trúc bảng cho bảng `team`
--

CREATE TABLE `team` (
  `id` int(11) NOT NULL,
  `name` varchar(255) NOT NULL,
  `leader` int(11) DEFAULT NULL,
  `id_department` int(11) NOT NULL
) ENGINE=InnoDB DEFAULT CHARSET=utf8;

--
-- Đang đổ dữ liệu cho bảng `team`
--

INSERT INTO `team` (`id`, `name`, `leader`, `id_department`) VALUES
(1, 'Nhóm 1', 3, 1),
(2, 'Nhóm 2', NULL, 6),
(8, 'Nhóm 3', 7, 6),
(14, 'Nhóm 4', NULL, 5),
(15, 'Nhóm 5', NULL, 11),
(16, 'Nhóm 6', NULL, 12),
(17, 'Nhóm 7', NULL, 13);

-- --------------------------------------------------------

--
-- Cấu trúc bảng cho bảng `timekeeping`
--

CREATE TABLE `timekeeping` (
  `id` int(11) NOT NULL,
  `checkin` datetime DEFAULT NULL,
  `checkout` datetime DEFAULT NULL,
  `deduction` float NOT NULL,
  `status` int(11) NOT NULL,
  `id_user` int(11) NOT NULL
) ENGINE=InnoDB DEFAULT CHARSET=utf8;

--
-- Đang đổ dữ liệu cho bảng `timekeeping`
--

INSERT INTO `timekeeping` (`id`, `checkin`, `checkout`, `deduction`, `status`, `id_user`) VALUES
(7755, '2018-07-02 07:59:15', NULL, 0, 0, 110),
(7756, '2018-07-03 07:59:28', NULL, 0, 0, 110),
(7757, '2018-07-04 07:56:14', NULL, 0, 0, 110),
(7758, '2018-07-05 07:53:12', NULL, 0, 0, 110),
(7759, '2018-07-06 07:51:12', '2018-07-06 19:03:53', 0, 1, 110),
(7760, '2018-07-07 07:54:17', NULL, 0, 0, 110),
(7761, '2018-07-09 08:07:10', NULL, 0, 0, 110),
(7762, '2018-07-10 07:49:20', NULL, 0, 0, 110),
(7763, '2018-07-11 07:52:28', NULL, 0, 0, 110),
(7764, '2018-07-12 07:45:44', NULL, 0, 0, 110),
(7765, '2018-07-13 08:01:32', NULL, 0, 0, 110),
(7766, '2018-07-14 08:07:12', '2018-07-14 12:43:34', 0, 1, 110),
(7767, '2018-07-16 07:54:32', NULL, 0, 0, 110),
(7768, '2018-07-17 07:54:18', NULL, 0, 0, 110),
(7769, '2018-07-18 07:50:24', '2018-07-18 18:30:32', 0, 1, 110),
(7770, '2018-07-19 07:46:49', NULL, 0, 0, 110),
(7771, '2018-07-20 07:54:48', NULL, 0, 0, 110),
(7772, '2018-07-21 07:50:26', NULL, 0, 0, 110),
(7773, '2018-07-23 08:00:35', NULL, 0, 0, 110),
(7774, '2018-07-24 07:53:41', NULL, 0, 0, 110),
(7775, '2018-07-25 07:49:10', NULL, 0, 0, 110),
(7776, '2018-07-26 07:59:07', NULL, 0, 0, 110),
(7777, '2018-07-27 08:05:53', NULL, 0, 0, 110),
(7778, '2018-07-28 08:00:22', NULL, 0, 0, 110),
(7779, '2018-07-30 08:00:07', NULL, 0, 0, 110),
(7780, '2018-07-31 08:00:43', '2018-07-31 19:52:56', 0, 1, 110),
(7781, '2018-07-02 08:01:04', '2018-07-02 18:50:47', 0, 1, 87),
(7782, '2018-07-03 09:32:31', '2018-07-03 18:57:53', 110417, 1, 87),
(7783, '2018-07-04 08:58:36', '2018-07-04 21:27:46', 20000, 1, 87),
(7784, '2018-07-05 09:05:30', '2018-07-05 17:33:17', 30000, 1, 87),
(7785, '2018-07-06 08:15:57', '2018-07-06 18:26:48', 0, 1, 87),
(7786, '2018-07-09 07:48:49', '2018-07-09 19:06:53', 0, 1, 87),
(7787, '2018-07-10 08:53:11', '2018-07-10 18:40:52', 20000, 1, 87),
(7788, '2018-07-11 08:42:25', '2018-07-11 12:03:19', 20000, 1, 87),
(7789, '2018-07-12 08:30:40', '2018-07-12 17:19:44', 0, 1, 87),
(7790, '2018-07-13 08:46:49', '2018-07-13 18:23:08', 20000, 1, 87),
(7791, '2018-07-14 08:40:39', '2018-07-14 17:15:40', 10000, 1, 87),
(7792, '2018-07-15 09:14:28', '2018-07-15 17:08:17', 30000, 1, 87),
(7793, '2018-07-16 08:31:25', '2018-07-16 18:22:50', 0, 1, 87),
(7794, '2018-07-17 08:49:12', '2018-07-17 12:03:51', 20000, 1, 87),
(7795, '2018-07-18 13:24:32', '2018-07-18 18:23:46', 110417, 1, 87),
(7796, '2018-07-19 08:27:04', '2018-07-19 20:24:11', 0, 1, 87),
(7797, NULL, '2018-07-20 18:19:07', 0, 2, 87),
(7798, '2018-07-21 09:03:12', '2018-07-21 16:00:32', 30000, 1, 87),
(7799, '2018-07-24 08:35:27', '2018-07-24 12:11:35', 0, 1, 87),
(7800, '2018-07-25 13:29:53', '2018-07-25 19:10:43', 110417, 1, 87),
(7801, '2018-07-26 13:41:43', '2018-07-26 17:27:33', 110417, 1, 87),
(7802, '2018-07-27 08:48:45', '2018-07-27 18:20:29', 20000, 1, 87),
(7803, '2018-07-28 08:28:11', '2018-07-28 11:50:55', 0, 1, 87),
(7804, '2018-07-30 13:41:41', '2018-07-30 18:17:55', 110417, 1, 87),
(7805, '2018-07-31 08:33:03', '2018-07-31 12:07:47', 0, 1, 87),
(7806, '2018-07-02 08:01:30', '2018-07-02 18:07:16', 0, 1, 102),
(7807, '2018-07-03 08:40:57', '2018-07-03 18:00:27', 10000, 1, 102),
(7808, '2018-07-04 08:32:44', '2018-07-04 18:01:41', 0, 1, 102),
(7809, '2018-07-05 08:40:01', '2018-07-05 18:00:23', 10000, 1, 102),
(7810, '2018-07-06 08:20:56', '2018-07-06 18:14:34', 0, 1, 102),
(7811, '2018-07-09 08:54:27', '2018-07-09 18:00:12', 20000, 1, 102),
(7812, '2018-07-10 08:27:33', '2018-07-10 18:09:38', 0, 1, 102),
(7813, '2018-07-11 08:38:48', '2018-07-11 18:01:32', 10000, 1, 102),
(7814, '2018-07-12 08:28:17', '2018-07-12 18:02:21', 0, 1, 102),
(7815, '2018-07-13 08:19:54', '2018-07-13 18:03:30', 0, 1, 102),
(7816, '2018-07-14 08:34:01', '2018-07-14 12:05:25', 0, 1, 102),
(7817, '2018-07-16 08:37:17', '2018-07-16 18:03:41', 10000, 1, 102),
(7818, '2018-07-17 08:42:00', '2018-07-17 18:04:39', 20000, 1, 102),
(7819, '2018-07-18 08:37:20', '2018-07-18 18:02:14', 10000, 1, 102),
(7820, '2018-07-19 08:40:33', '2018-07-19 18:02:34', 10000, 1, 102),
(7821, '2018-07-20 08:39:45', '2018-07-20 18:05:36', 10000, 1, 102),
(7822, '2018-07-21 08:36:58', '2018-07-21 11:59:47', 10000, 1, 102),
(7823, '2018-07-23 10:14:11', '2018-07-23 18:03:25', 343750, 1, 102),
(7824, '2018-07-24 08:53:46', '2018-07-24 18:01:47', 20000, 1, 102),
(7825, '2018-07-25 08:38:55', '2018-07-25 18:00:12', 10000, 1, 102),
(7826, '2018-07-26 08:59:51', '2018-07-26 18:06:58', 20000, 1, 102),
(7827, '2018-07-27 08:42:37', '2018-07-27 18:00:59', 20000, 1, 102),
(7828, '2018-07-28 08:37:26', '2018-07-28 12:02:56', 10000, 1, 102),
(7829, '2018-07-30 08:35:04', '2018-07-30 18:09:17', 0, 1, 102),
(7830, '2018-07-31 08:38:25', NULL, 10000, 0, 102),
(7831, '2018-07-02 08:05:25', '2018-07-02 18:19:58', 0, 1, 26),
(7832, '2018-07-03 07:57:48', '2018-07-03 19:03:12', 0, 1, 26),
(7833, '2018-07-04 08:19:00', '2018-07-04 18:57:44', 0, 1, 26),
(7834, '2018-07-05 08:11:44', '2018-07-05 17:55:03', 0, 1, 26),
(7835, '2018-07-06 08:13:14', NULL, 0, 0, 26),
(7836, '2018-07-07 07:58:15', '2018-07-07 17:14:35', 0, 1, 26),
(7837, NULL, '2018-07-09 18:04:01', 0, 2, 26),
(7838, '2018-07-10 08:25:33', '2018-07-10 17:50:53', 0, 1, 26),
(7839, '2018-07-11 08:15:49', '2018-07-11 20:16:35', 0, 1, 26),
(7840, '2018-07-12 08:05:37', '2018-07-12 18:25:12', 0, 1, 26),
(7841, '2018-07-13 08:19:42', '2018-07-13 18:38:36', 0, 1, 26),
(7842, '2018-07-14 08:26:21', '2018-07-14 11:47:10', 0, 1, 26),
(7843, '2018-07-16 08:14:37', '2018-07-16 18:38:52', 0, 1, 26),
(7844, '2018-07-17 08:17:15', '2018-07-17 18:54:38', 0, 1, 26),
(7845, '2018-07-18 08:19:14', '2018-07-18 19:02:00', 0, 1, 26),
(7846, '2018-07-19 08:22:11', '2018-07-19 20:24:56', 0, 1, 26),
(7847, '2018-07-20 08:21:59', '2018-07-20 18:08:04', 0, 1, 26),
(7848, '2018-07-21 08:32:30', '2018-07-21 11:58:37', 0, 1, 26),
(7849, '2018-07-23 09:12:07', '2018-07-23 18:07:20', 30000, 1, 26),
(7850, '2018-07-24 08:27:44', '2018-07-24 18:04:59', 0, 1, 26),
(7851, '2018-07-25 08:29:47', '2018-07-25 18:30:27', 0, 1, 26),
(7852, '2018-07-26 08:29:04', '2018-07-26 16:21:14', 0, 1, 26),
(7853, '2018-07-30 08:10:21', '2018-07-30 18:14:43', 0, 1, 26),
(7854, NULL, '2018-07-31 18:23:13', 0, 2, 26),
(7855, '2018-07-02 08:09:13', '2018-07-02 18:18:05', 0, 1, 52),
(7856, '2018-07-03 08:15:18', '2018-07-03 19:16:59', 0, 1, 52),
(7857, '2018-07-04 08:11:57', '2018-07-04 18:55:09', 0, 1, 52),
(7858, '2018-07-05 08:08:56', '2018-07-05 20:27:08', 0, 1, 52),
(7859, '2018-07-06 08:13:03', '2018-07-06 19:01:58', 0, 1, 52),
(7860, '2018-07-07 08:11:56', '2018-07-07 17:16:36', 0, 1, 52),
(7861, '2018-07-09 08:34:54', '2018-07-09 19:11:39', 0, 1, 52),
(7862, NULL, '2018-07-10 19:01:38', 0, 2, 52),
(7863, '2018-07-11 08:15:53', '2018-07-11 19:30:21', 0, 1, 52),
(7864, '2018-07-12 08:11:20', '2018-07-12 19:34:42', 0, 1, 52),
(7865, '2018-07-13 08:08:55', '2018-07-13 18:40:48', 0, 1, 52),
(7866, '2018-07-16 08:02:54', '2018-07-16 18:45:10', 0, 1, 52),
(7867, '2018-07-17 08:08:30', '2018-07-17 18:41:03', 0, 1, 52),
(7868, '2018-07-18 08:12:53', '2018-07-18 19:20:15', 0, 1, 52),
(7869, '2018-07-19 08:17:45', '2018-07-19 19:26:35', 0, 1, 52),
(7870, '2018-07-20 08:23:59', '2018-07-20 18:31:36', 0, 1, 52),
(7871, '2018-07-21 08:20:07', '2018-07-21 16:43:46', 0, 1, 52),
(7872, '2018-07-23 07:10:22', '2018-07-23 18:08:44', 0, 1, 52),
(7873, '2018-07-24 08:15:00', '2018-07-24 18:22:54', 0, 1, 52),
(7874, '2018-07-25 09:58:40', '2018-07-25 19:10:20', 168750, 1, 52),
(7875, '2018-07-26 08:16:55', '2018-07-26 19:01:53', 0, 1, 52),
(7876, '2018-07-27 08:14:40', '2018-07-27 18:28:23', 0, 1, 52),
(7877, '2018-07-28 08:16:29', '2018-07-28 15:53:59', 0, 1, 52),
(7878, '2018-07-30 08:32:32', '2018-07-30 18:15:30', 0, 1, 52),
(7879, '2018-07-31 08:22:59', '2018-07-31 18:18:21', 0, 1, 52),
(7880, '2018-07-02 08:15:36', '2018-07-02 18:02:46', 0, 1, 82),
(7881, '2018-07-03 08:22:54', '2018-07-03 18:00:32', 0, 1, 82),
(7882, '2018-07-04 08:19:43', '2018-07-04 18:25:27', 0, 1, 82),
(7883, '2018-07-05 08:14:10', '2018-07-05 18:08:12', 0, 1, 82),
(7884, '2018-07-06 08:11:59', '2018-07-06 18:06:07', 0, 1, 82),
(7885, '2018-07-09 08:10:18', '2018-07-09 18:21:04', 0, 1, 82),
(7886, '2018-07-10 08:08:54', '2018-07-10 18:12:51', 0, 1, 82),
(7887, '2018-07-11 08:13:04', '2018-07-11 18:18:06', 0, 1, 82),
(7888, '2018-07-12 08:14:04', '2018-07-12 18:09:05', 0, 1, 82),
(7889, '2018-07-13 08:15:07', '2018-07-13 17:58:18', 0, 1, 82),
(7890, '2018-07-14 08:17:47', NULL, 0, 0, 82),
(7891, '2018-07-16 07:21:03', '2018-07-16 18:16:48', 0, 1, 82),
(7892, '2018-07-17 08:11:31', '2018-07-17 18:30:20', 0, 1, 82),
(7893, '2018-07-18 08:26:10', '2018-07-18 18:01:10', 0, 1, 82),
(7894, '2018-07-19 08:07:50', '2018-07-19 18:08:37', 0, 1, 82),
(7895, '2018-07-20 08:07:11', '2018-07-20 18:05:58', 0, 1, 82),
(7896, '2018-07-21 08:19:08', '2018-07-21 11:55:44', 0, 1, 82),
(7897, '2018-07-23 08:34:31', '2018-07-23 18:26:15', 0, 1, 82),
(7898, '2018-07-24 08:11:30', '2018-07-24 18:33:49', 0, 1, 82),
(7899, '2018-07-25 08:26:25', '2018-07-25 18:02:48', 0, 1, 82),
(7900, '2018-07-26 08:33:51', '2018-07-26 18:15:28', 0, 1, 82),
(7901, '2018-07-27 08:26:55', '2018-07-27 18:01:19', 0, 1, 82),
(7902, '2018-07-28 08:10:20', '2018-07-28 11:50:32', 0, 1, 82),
(7903, '2018-07-30 08:24:05', '2018-07-30 18:21:25', 0, 1, 82),
(7904, '2018-07-31 08:24:04', '2018-07-31 18:05:26', 0, 1, 82),
(7905, '2018-07-02 08:15:39', '2018-07-02 18:09:35', 0, 1, 37),
(7906, '2018-07-03 07:08:29', '2018-07-03 18:51:16', 0, 1, 37),
(7907, '2018-07-05 07:29:48', '2018-07-05 18:55:57', 0, 1, 37),
(7908, '2018-07-06 08:06:59', '2018-07-06 19:02:56', 0, 1, 37),
(7909, '2018-07-09 08:36:10', '2018-07-09 18:49:54', 10000, 1, 37),
(7910, '2018-07-10 08:36:04', '2018-07-10 13:39:16', 10000, 1, 37),
(7911, '2018-07-11 13:35:07', '2018-07-11 18:09:53', 293750, 1, 37),
(7912, '2018-07-12 08:16:30', '2018-07-12 18:07:41', 0, 1, 37),
(7913, '2018-07-13 08:19:43', '2018-07-13 12:02:30', 0, 1, 37),
(7914, '2018-07-17 08:42:03', '2018-07-17 13:30:37', 20000, 1, 37),
(7915, '2018-07-18 08:23:43', '2018-07-18 18:02:47', 0, 1, 37),
(7916, '2018-07-19 13:08:06', '2018-07-19 18:19:05', 293750, 1, 37),
(7917, '2018-07-20 08:23:10', '2018-07-20 12:04:48', 0, 1, 37),
(7918, '2018-07-30 08:47:16', '2018-07-30 13:17:10', 20000, 1, 37),
(7919, '2018-07-02 08:18:26', '2018-07-02 18:27:17', 0, 1, 90),
(7920, '2018-07-03 08:20:27', '2018-07-03 18:48:24', 0, 1, 90),
(7921, '2018-07-04 08:35:51', NULL, 0, 0, 90),
(7922, '2018-07-05 08:32:04', '2018-07-05 18:52:49', 0, 1, 90),
(7923, '2018-07-06 08:24:58', NULL, 0, 0, 90),
(7924, '2018-07-07 08:38:05', '2018-07-07 12:47:01', 10000, 1, 90),
(7925, '2018-07-09 08:48:03', '2018-07-09 18:46:48', 20000, 1, 90),
(7926, '2018-07-10 08:23:01', '2018-07-10 18:17:25', 0, 1, 90),
(7927, '2018-07-11 08:19:22', '2018-07-11 19:22:43', 0, 1, 90),
(7928, '2018-07-12 08:18:58', '2018-07-12 18:52:35', 0, 1, 90),
(7929, '2018-07-13 08:19:46', '2018-07-13 19:47:13', 0, 1, 90),
(7930, '2018-07-14 08:37:55', '2018-07-14 12:05:29', 10000, 1, 90),
(7931, '2018-07-16 08:20:49', '2018-07-16 18:39:06', 0, 1, 90),
(7932, '2018-07-17 08:24:14', '2018-07-17 20:03:01', 0, 1, 90),
(7933, '2018-07-18 08:32:48', '2018-07-18 20:14:57', 0, 1, 90),
(7934, '2018-07-19 08:32:58', '2018-07-19 18:31:32', 0, 1, 90),
(7935, '2018-07-20 08:34:23', '2018-07-20 20:03:14', 0, 1, 90),
(7936, '2018-07-21 08:35:23', '2018-07-21 11:58:23', 0, 1, 90),
(7937, '2018-07-23 09:30:38', '2018-07-23 18:40:08', 40000, 1, 90),
(7938, '2018-07-24 08:22:50', '2018-07-24 20:11:32', 0, 1, 90),
(7939, '2018-07-25 08:13:08', '2018-07-25 18:59:18', 0, 1, 90),
(7940, '2018-07-26 08:34:05', '2018-07-26 19:09:45', 0, 1, 90),
(7941, '2018-07-27 08:45:01', '2018-07-27 19:30:26', 20000, 1, 90),
(7942, '2018-07-30 08:26:23', '2018-07-30 19:26:11', 0, 1, 90),
(7943, '2018-07-31 08:35:40', '2018-07-31 20:02:47', 0, 1, 90),
(7944, '2018-07-02 08:22:57', '2018-07-02 19:10:18', 0, 1, 83),
(7945, '2018-07-03 08:30:31', NULL, 0, 0, 83),
(7946, '2018-07-04 13:24:41', '2018-07-04 18:24:05', 120833, 1, 83),
(7947, '2018-07-05 08:41:07', '2018-07-05 17:52:16', 20000, 1, 83),
(7948, '2018-07-06 08:41:58', '2018-07-06 18:31:08', 20000, 1, 83),
(7949, '2018-07-07 08:38:16', '2018-07-07 12:06:21', 10000, 1, 83),
(7950, '2018-07-10 13:23:52', '2018-07-10 19:47:12', 120833, 1, 83),
(7951, '2018-07-11 08:19:13', '2018-07-11 18:16:05', 0, 1, 83),
(7952, '2018-07-12 08:25:59', NULL, 0, 0, 83),
(7953, '2018-07-13 08:26:39', '2018-07-13 12:27:50', 0, 1, 83),
(7954, '2018-07-14 08:29:22', '2018-07-14 12:06:34', 0, 1, 83),
(7955, '2018-07-16 08:25:23', '2018-07-16 17:33:16', 0, 1, 83),
(7956, '2018-07-17 08:20:06', '2018-07-17 12:14:14', 0, 1, 83),
(7957, '2018-07-18 08:23:01', '2018-07-18 20:09:43', 0, 1, 83),
(7958, '2018-07-19 08:17:13', '2018-07-19 17:42:34', 0, 1, 83),
(7959, '2018-07-20 08:25:48', '2018-07-20 18:47:01', 0, 1, 83),
(7960, '2018-07-21 08:29:14', '2018-07-21 12:29:11', 0, 1, 83),
(7961, '2018-07-23 09:09:48', '2018-07-23 19:11:02', 30000, 1, 83),
(7962, '2018-07-24 08:20:28', '2018-07-24 18:03:57', 0, 1, 83),
(7963, '2018-07-25 08:21:14', '2018-07-25 18:34:40', 0, 1, 83),
(7964, '2018-07-26 08:17:31', '2018-07-26 19:05:01', 0, 1, 83),
(7965, '2018-07-27 08:19:56', '2018-07-27 18:03:12', 0, 1, 83),
(7966, '2018-07-28 08:25:56', '2018-07-28 12:03:28', 0, 1, 83),
(7967, '2018-07-30 08:22:10', '2018-07-30 18:56:04', 0, 1, 83),
(7968, '2018-07-31 08:15:48', '2018-07-31 19:05:16', 0, 1, 83),
(7969, '2018-07-02 08:23:50', '2018-07-02 18:07:27', 0, 1, 20),
(7970, '2018-07-03 08:21:51', '2018-07-03 18:09:37', 0, 1, 20),
(7971, '2018-07-04 08:43:07', '2018-07-04 16:39:11', 20000, 1, 20),
(7972, '2018-07-05 08:37:03', '2018-07-05 17:51:56', 10000, 1, 20),
(7973, '2018-07-06 08:36:58', '2018-07-06 12:09:56', 10000, 1, 20),
(7974, '2018-07-02 08:23:53', NULL, 0, 0, 10),
(7975, '2018-07-03 08:05:26', '2018-07-03 18:50:33', 0, 1, 10),
(7976, '2018-07-04 08:27:43', '2018-07-04 19:45:07', 0, 1, 10),
(7977, '2018-07-05 08:13:13', NULL, 0, 0, 10),
(7978, '2018-07-06 08:15:54', NULL, 0, 0, 10),
(7979, '2018-07-07 08:31:04', NULL, 0, 0, 10),
(7980, '2018-07-09 08:20:41', '2018-07-09 18:48:55', 0, 1, 10),
(7981, '2018-07-10 08:21:06', '2018-07-10 19:22:04', 0, 1, 10),
(7982, '2018-07-11 08:27:10', '2018-07-11 20:11:22', 0, 1, 10),
(7983, '2018-07-12 08:28:24', '2018-07-12 19:38:55', 0, 1, 10),
(7984, '2018-07-13 08:24:52', '2018-07-13 18:29:13', 0, 1, 10),
(7985, '2018-07-14 08:26:00', '2018-07-14 12:00:39', 0, 1, 10),
(7986, '2018-07-16 08:23:15', '2018-07-16 18:35:49', 0, 1, 10),
(7987, '2018-07-17 08:17:06', NULL, 0, 0, 10),
(7988, '2018-07-18 08:28:23', NULL, 0, 0, 10),
(7989, '2018-07-19 08:35:51', NULL, 0, 0, 10),
(7990, '2018-07-20 08:32:39', '2018-07-20 18:43:43', 0, 1, 10),
(7991, '2018-07-21 09:17:16', '2018-07-21 12:04:17', 40000, 1, 10),
(7992, '2018-07-23 08:22:19', NULL, 0, 0, 10),
(7993, '2018-07-24 08:27:38', NULL, 0, 0, 10),
(7994, '2018-07-25 08:31:15', '2018-07-25 18:22:57', 0, 1, 10),
(7995, '2018-07-26 08:32:29', NULL, 0, 0, 10),
(7996, '2018-07-27 08:53:32', '2018-07-27 19:01:43', 20000, 1, 10),
(7997, '2018-07-28 08:36:29', '2018-07-28 16:29:00', 10000, 1, 10),
(7998, '2018-07-30 08:35:38', '2018-07-30 18:19:23', 0, 1, 10),
(7999, '2018-07-02 08:23:57', '2018-07-02 18:19:42', 0, 1, 112),
(8000, '2018-07-04 08:27:51', '2018-07-04 18:22:43', 0, 1, 112),
(8001, '2018-07-06 08:41:44', '2018-07-06 18:24:22', 20000, 1, 112),
(8002, '2018-07-07 09:16:55', NULL, 40000, 0, 112),
(8003, '2018-07-10 13:24:54', '2018-07-10 18:20:38', 300000, 1, 112),
(8004, '2018-07-11 13:15:49', '2018-07-11 19:21:43', 300000, 1, 112),
(8005, '2018-07-12 08:33:03', '2018-07-12 18:16:52', 0, 1, 112),
(8006, '2018-07-13 08:28:50', '2018-07-13 18:15:23', 0, 1, 112),
(8007, '2018-07-14 08:37:51', '2018-07-14 12:06:43', 10000, 1, 112),
(8008, '2018-07-16 08:40:42', '2018-07-16 18:21:32', 10000, 1, 112),
(8009, '2018-07-17 08:30:40', '2018-07-17 18:20:47', 0, 1, 112),
(8010, '2018-07-18 08:38:47', '2018-07-18 18:12:11', 10000, 1, 112),
(8011, '2018-07-21 08:40:15', '2018-07-21 12:03:54', 10000, 1, 112),
(8012, '2018-07-25 08:26:16', '2018-07-25 18:33:23', 0, 1, 112),
(8013, '2018-07-26 08:45:22', '2018-07-26 19:06:33', 20000, 1, 112),
(8014, '2018-07-27 08:56:51', '2018-07-27 18:42:17', 20000, 1, 112),
(8015, '2018-07-28 08:53:40', '2018-07-28 16:25:51', 20000, 1, 112),
(8016, '2018-07-30 13:10:15', '2018-07-30 18:32:24', 300000, 1, 112),
(8017, '2018-07-02 08:24:00', '2018-07-02 18:07:21', 0, 1, 22),
(8018, '2018-07-03 08:22:06', '2018-07-03 18:11:23', 0, 1, 22),
(8019, '2018-07-02 08:26:17', '2018-07-02 18:17:12', 0, 1, 93),
(8020, '2018-07-03 08:25:23', '2018-07-03 18:36:14', 0, 1, 93),
(8021, '2018-07-05 08:49:31', '2018-07-05 18:12:32', 20000, 1, 93),
(8022, '2018-07-06 08:27:46', '2018-07-06 19:00:08', 0, 1, 93),
(8023, '2018-07-07 09:10:42', '2018-07-07 11:37:43', 30000, 1, 93),
(8024, '2018-07-09 08:28:38', '2018-07-09 18:20:34', 0, 1, 93),
(8025, '2018-07-10 08:32:25', '2018-07-10 18:21:50', 0, 1, 93),
(8026, '2018-07-11 08:28:13', '2018-07-11 19:21:08', 0, 1, 93),
(8027, '2018-07-12 08:25:55', '2018-07-12 18:13:04', 0, 1, 93),
(8028, '2018-07-13 08:28:07', '2018-07-13 17:57:18', 0, 1, 93),
(8029, '2018-07-16 08:23:18', '2018-07-16 18:30:34', 0, 1, 93),
(8030, '2018-07-17 08:26:48', '2018-07-17 18:20:27', 0, 1, 93),
(8031, '2018-07-18 08:26:27', '2018-07-18 18:14:42', 0, 1, 93),
(8032, '2018-07-19 08:27:57', '2018-07-19 18:17:32', 0, 1, 93),
(8033, '2018-07-20 08:30:17', '2018-07-20 18:26:57', 0, 1, 93),
(8034, '2018-07-21 08:25:58', '2018-07-21 11:51:26', 0, 1, 93),
(8035, '2018-07-23 08:25:29', '2018-07-23 18:17:38', 0, 1, 93),
(8036, '2018-07-24 08:39:42', '2018-07-24 18:20:08', 10000, 1, 93),
(8037, '2018-07-25 08:32:51', '2018-07-25 18:03:10', 0, 1, 93),
(8038, '2018-07-26 08:29:54', '2018-07-26 18:10:32', 0, 1, 93),
(8039, '2018-07-27 07:57:01', '2018-07-27 18:56:50', 0, 1, 93),
(8040, '2018-07-28 08:27:15', '2018-07-28 12:03:40', 0, 1, 93),
(8041, '2018-07-30 08:23:27', '2018-07-30 18:15:05', 0, 1, 93),
(8042, '2018-07-31 08:28:39', '2018-07-31 18:18:55', 0, 1, 93),
(8043, '2018-07-02 08:28:21', '2018-07-02 18:28:44', 0, 1, 8),
(8044, '2018-07-03 08:37:39', '2018-07-03 18:52:09', 10000, 1, 8),
(8045, '2018-07-04 08:27:40', '2018-07-04 18:31:51', 0, 1, 8),
(8046, '2018-07-05 08:25:05', '2018-07-05 20:19:55', 0, 1, 8),
(8047, '2018-07-06 08:18:13', '2018-07-06 19:15:07', 0, 1, 8),
(8048, '2018-07-07 08:02:35', '2018-07-07 13:17:25', 0, 1, 8),
(8049, '2018-07-09 08:31:21', '2018-07-09 18:49:04', 0, 1, 8),
(8050, '2018-07-10 08:19:45', '2018-07-10 18:15:29', 0, 1, 8),
(8051, '2018-07-11 08:35:03', '2018-07-11 18:50:27', 0, 1, 8),
(8052, '2018-07-12 08:24:26', '2018-07-12 19:00:59', 0, 1, 8),
(8053, '2018-07-13 08:28:55', '2018-07-13 18:23:41', 0, 1, 8),
(8054, '2018-07-14 08:31:48', '2018-07-14 12:43:16', 0, 1, 8),
(8055, '2018-07-16 08:32:40', '2018-07-16 18:34:08', 0, 1, 8),
(8056, '2018-07-17 08:28:43', '2018-07-17 18:56:38', 0, 1, 8),
(8057, '2018-07-18 08:32:44', '2018-07-18 18:30:43', 0, 1, 8),
(8058, '2018-07-19 08:25:39', '2018-07-19 18:35:14', 0, 1, 8),
(8059, '2018-07-20 08:21:38', '2018-07-20 19:25:04', 0, 1, 8),
(8060, '2018-07-21 08:26:01', '2018-07-21 11:20:17', 0, 1, 8),
(8061, '2018-07-23 08:32:10', '2018-07-23 18:25:54', 0, 1, 8),
(8062, '2018-07-24 08:35:20', '2018-07-24 18:34:34', 0, 1, 8),
(8063, '2018-07-25 08:32:49', '2018-07-25 18:21:59', 0, 1, 8),
(8064, '2018-07-26 08:01:12', '2018-07-26 18:50:53', 0, 1, 8),
(8065, '2018-07-27 08:33:24', '2018-07-27 18:55:58', 0, 1, 8),
(8066, '2018-07-28 08:22:17', '2018-07-28 12:21:11', 0, 1, 8),
(8067, '2018-07-30 08:31:22', '2018-07-30 18:48:18', 0, 1, 8),
(8068, '2018-07-31 08:36:51', '2018-07-31 18:57:18', 10000, 1, 8),
(8069, '2018-07-02 08:28:26', '2018-07-02 18:29:02', 0, 1, 13),
(8070, '2018-07-03 08:15:14', '2018-07-03 18:38:37', 0, 1, 13),
(8071, '2018-07-04 08:31:27', '2018-07-04 18:53:14', 0, 1, 13),
(8072, '2018-07-05 08:33:11', '2018-07-05 18:28:50', 0, 1, 13),
(8073, '2018-07-06 08:30:19', NULL, 0, 0, 13),
(8074, '2018-07-07 08:33:15', '2018-07-07 12:47:29', 0, 1, 13),
(8075, '2018-07-09 08:17:08', NULL, 0, 0, 13),
(8076, '2018-07-10 08:23:06', '2018-07-10 19:22:17', 0, 1, 13),
(8077, '2018-07-11 08:26:37', '2018-07-11 18:36:47', 0, 1, 13),
(8078, '2018-07-12 08:26:09', '2018-07-12 18:58:45', 0, 1, 13),
(8079, '2018-07-13 08:26:48', '2018-07-13 18:28:01', 0, 1, 13),
(8080, '2018-07-14 08:32:39', '2018-07-14 12:03:53', 0, 1, 13),
(8081, '2018-07-16 08:23:25', '2018-07-16 18:36:29', 0, 1, 13),
(8082, '2018-07-17 08:18:57', '2018-07-17 19:49:22', 0, 1, 13),
(8083, '2018-07-18 08:23:39', NULL, 0, 0, 13),
(8084, '2018-07-19 08:24:39', '2018-07-19 18:37:00', 0, 1, 13),
(8085, '2018-07-20 08:32:43', '2018-07-20 18:38:10', 0, 1, 13),
(8086, NULL, '2018-07-21 12:04:06', 0, 2, 13),
(8087, '2018-07-23 13:30:41', '2018-07-23 19:09:55', 316667, 1, 13),
(8088, '2018-07-24 08:28:52', '2018-07-24 19:20:04', 0, 1, 13),
(8089, '2018-07-25 08:26:23', '2018-07-25 19:07:33', 0, 1, 13),
(8090, '2018-07-26 08:29:08', '2018-07-26 20:09:24', 0, 1, 13),
(8091, '2018-07-27 08:26:47', '2018-07-27 19:02:04', 0, 1, 13),
(8092, '2018-07-28 08:28:16', '2018-07-28 19:08:08', 0, 1, 13),
(8093, '2018-07-30 08:26:18', '2018-07-30 18:32:39', 0, 1, 13),
(8094, '2018-07-31 08:23:06', '2018-07-31 18:46:11', 0, 1, 13),
(8095, '2018-07-02 08:28:57', '2018-07-02 18:07:18', 0, 1, 108),
(8096, '2018-07-03 08:34:45', '2018-07-03 18:06:17', 0, 1, 108),
(8097, '2018-07-04 08:34:53', '2018-07-04 18:09:01', 0, 1, 108),
(8098, '2018-07-05 08:34:04', '2018-07-05 18:23:26', 0, 1, 108),
(8099, '2018-07-06 08:36:48', '2018-07-06 18:51:42', 10000, 1, 108),
(8100, '2018-07-09 09:00:15', '2018-07-09 12:40:22', 20000, 1, 108),
(8101, '2018-07-10 08:39:20', '2018-07-10 18:11:38', 10000, 1, 108),
(8102, '2018-07-11 08:26:19', '2018-07-11 18:15:34', 0, 1, 108),
(8103, '2018-07-12 08:30:36', '2018-07-12 18:10:26', 0, 1, 108),
(8104, '2018-07-13 08:14:14', '2018-07-13 19:43:54', 0, 1, 108),
(8105, '2018-07-16 08:38:53', '2018-07-16 18:03:36', 10000, 1, 108),
(8106, '2018-07-17 08:36:57', '2018-07-17 18:16:47', 10000, 1, 108),
(8107, '2018-07-18 08:32:27', '2018-07-18 18:17:21', 0, 1, 108),
(8108, '2018-07-19 08:25:35', '2018-07-19 18:16:26', 0, 1, 108),
(8109, '2018-07-20 08:38:15', '2018-07-20 18:30:16', 10000, 1, 108),
(8110, '2018-07-23 09:21:12', '2018-07-23 18:18:55', 40000, 1, 108),
(8111, '2018-07-24 08:35:22', '2018-07-24 20:11:20', 0, 1, 108),
(8112, '2018-07-25 08:29:40', '2018-07-25 18:22:47', 0, 1, 108),
(8113, '2018-07-26 08:20:43', '2018-07-26 18:14:32', 0, 1, 108),
(8114, '2018-07-27 08:38:42', '2018-07-27 18:06:59', 10000, 1, 108),
(8115, '2018-07-28 08:24:09', '2018-07-28 12:02:45', 0, 1, 108),
(8116, '2018-07-30 08:37:17', '2018-07-30 18:20:34', 10000, 1, 108),
(8117, '2018-07-31 08:24:00', '2018-07-31 20:02:42', 0, 1, 108),
(8118, '2018-07-02 08:30:28', '2018-07-02 18:58:49', 0, 1, 99),
(8119, '2018-07-03 09:39:17', '2018-07-03 18:05:30', 420833, 1, 99),
(8120, '2018-07-04 08:32:42', '2018-07-04 19:51:31', 0, 1, 99),
(8121, '2018-07-05 08:34:02', '2018-07-05 18:30:35', 0, 1, 99),
(8122, '2018-07-06 08:27:43', '2018-07-06 19:03:01', 0, 1, 99),
(8123, '2018-07-07 09:03:21', '2018-07-07 12:49:47', 30000, 1, 99),
(8124, '2018-07-10 08:39:12', '2018-07-10 18:34:58', 10000, 1, 99),
(8125, '2018-07-11 08:28:16', '2018-07-11 18:20:42', 0, 1, 99),
(8126, '2018-07-12 08:25:47', '2018-07-12 19:03:42', 0, 1, 99),
(8127, '2018-07-13 08:35:29', '2018-07-13 18:33:22', 0, 1, 99),
(8128, '2018-07-14 08:31:52', '2018-07-14 12:23:56', 0, 1, 99),
(8129, '2018-07-16 08:23:10', '2018-07-16 18:31:06', 0, 1, 99),
(8130, '2018-07-17 08:44:41', '2018-07-17 18:30:08', 20000, 1, 99),
(8131, '2018-07-18 08:26:13', '2018-07-18 18:31:40', 0, 1, 99),
(8132, '2018-07-19 08:28:09', '2018-07-19 18:19:43', 0, 1, 99),
(8133, '2018-07-20 08:28:50', '2018-07-20 18:41:20', 0, 1, 99),
(8134, '2018-07-21 09:07:24', '2018-07-21 11:56:16', 30000, 1, 99),
(8135, '2018-07-23 08:29:34', '2018-07-23 18:26:17', 0, 1, 99),
(8136, '2018-07-24 08:40:24', '2018-07-24 18:49:51', 10000, 1, 99),
(8137, '2018-07-25 08:31:19', '2018-07-25 18:59:14', 0, 1, 99),
(8138, '2018-07-26 08:28:58', '2018-07-26 19:03:33', 0, 1, 99),
(8139, '2018-07-27 08:30:21', '2018-07-27 19:03:24', 0, 1, 99),
(8140, '2018-07-28 07:42:45', '2018-07-28 11:14:34', 0, 1, 99),
(8141, '2018-07-02 08:30:32', '2018-07-02 18:14:25', 0, 1, 11),
(8142, '2018-07-03 08:37:51', '2018-07-03 18:16:58', 10000, 1, 11),
(8143, '2018-07-04 08:34:49', '2018-07-04 18:55:04', 0, 1, 11),
(8144, '2018-07-05 08:37:44', '2018-07-05 18:20:48', 10000, 1, 11),
(8145, '2018-07-06 08:36:52', '2018-07-06 18:26:44', 10000, 1, 11),
(8146, '2018-07-07 08:36:46', '2018-07-07 12:47:24', 10000, 1, 11),
(8147, '2018-07-09 08:37:18', '2018-07-09 18:23:52', 10000, 1, 11),
(8148, '2018-07-10 08:35:58', '2018-07-10 18:36:52', 0, 1, 11),
(8149, '2018-07-11 08:17:04', '2018-07-11 18:37:31', 0, 1, 11),
(8150, '2018-07-12 08:21:04', '2018-07-12 18:23:19', 0, 1, 11),
(8151, '2018-07-13 08:19:34', '2018-07-13 18:25:47', 0, 1, 11),
(8152, '2018-07-14 08:26:10', '2018-07-14 12:02:13', 0, 1, 11),
(8153, '2018-07-16 08:21:28', '2018-07-16 18:17:40', 0, 1, 11),
(8154, '2018-07-17 08:24:08', '2018-07-17 18:09:14', 0, 1, 11),
(8155, '2018-07-18 08:24:56', '2018-07-18 18:11:56', 0, 1, 11),
(8156, '2018-07-19 08:24:25', '2018-07-19 18:26:30', 0, 1, 11),
(8157, '2018-07-20 08:28:55', '2018-07-20 18:21:33', 0, 1, 11),
(8158, '2018-07-21 08:29:02', '2018-07-21 12:06:08', 0, 1, 11),
(8159, '2018-07-24 08:22:33', '2018-07-24 18:24:45', 0, 1, 11),
(8160, '2018-07-25 08:19:55', '2018-07-25 18:45:12', 0, 1, 11),
(8161, '2018-07-26 08:21:40', '2018-07-26 19:33:38', 0, 1, 11),
(8162, '2018-07-27 08:30:24', '2018-07-27 18:36:27', 0, 1, 11),
(8163, '2018-07-28 08:17:41', '2018-07-28 16:26:12', 0, 1, 11),
(8164, '2018-07-30 08:27:45', '2018-07-30 18:27:18', 0, 1, 11),
(8165, '2018-07-31 08:15:29', '2018-07-31 18:31:21', 0, 1, 11),
(8166, '2018-07-02 08:31:57', '2018-07-02 18:19:04', 0, 1, 36),
(8167, '2018-07-03 08:27:55', '2018-07-03 18:32:56', 0, 1, 36),
(8168, '2018-07-04 08:32:38', '2018-07-04 18:28:57', 0, 1, 36),
(8169, '2018-07-05 08:34:54', '2018-07-05 18:37:22', 0, 1, 36),
(8170, '2018-07-06 08:30:09', '2018-07-06 18:24:17', 0, 1, 36),
(8171, '2018-07-07 08:27:48', '2018-07-07 12:47:09', 0, 1, 36),
(8172, '2018-07-09 08:32:59', '2018-07-09 18:47:47', 0, 1, 36),
(8173, '2018-07-10 08:32:09', '2018-07-10 18:41:44', 0, 1, 36),
(8174, '2018-07-11 08:33:45', '2018-07-11 18:43:03', 0, 1, 36),
(8175, '2018-07-12 08:32:00', '2018-07-12 18:21:21', 0, 1, 36),
(8176, '2018-07-13 08:30:13', '2018-07-13 18:23:55', 0, 1, 36),
(8177, '2018-07-14 08:26:02', '2018-07-14 12:13:37', 0, 1, 36),
(8178, '2018-07-16 08:27:44', '2018-07-16 18:32:24', 0, 1, 36),
(8179, '2018-07-17 08:26:42', '2018-07-17 16:37:04', 0, 1, 36),
(8180, '2018-07-18 08:29:22', '2018-07-18 18:34:21', 0, 1, 36),
(8181, '2018-07-19 08:33:29', '2018-07-19 18:35:21', 0, 1, 36),
(8182, '2018-07-20 08:34:14', '2018-07-20 18:37:58', 0, 1, 36),
(8183, '2018-07-23 08:25:23', '2018-07-23 18:34:51', 0, 1, 36),
(8184, '2018-07-24 08:27:32', '2018-07-24 18:29:06', 0, 1, 36),
(8185, '2018-07-25 08:31:30', '2018-07-25 18:33:42', 0, 1, 36),
(8186, '2018-07-26 08:32:25', '2018-07-26 18:51:25', 0, 1, 36),
(8187, '2018-07-27 08:38:34', '2018-07-27 18:20:55', 10000, 1, 36),
(8188, '2018-07-28 08:32:36', '2018-07-28 15:54:48', 0, 1, 36),
(8189, '2018-07-30 08:32:24', '2018-07-30 18:21:54', 0, 1, 36),
(8190, '2018-07-31 08:34:25', '2018-07-31 18:48:57', 0, 1, 36),
(8191, '2018-07-02 08:33:54', '2018-07-02 18:03:52', 0, 1, 7),
(8192, '2018-07-03 08:41:42', '2018-07-03 18:24:34', 20000, 1, 7),
(8193, '2018-07-04 08:31:12', '2018-07-04 18:17:52', 0, 1, 7),
(8194, '2018-07-05 08:35:04', '2018-07-05 18:07:09', 0, 1, 7),
(8195, '2018-07-06 08:37:27', '2018-07-06 18:56:09', 10000, 1, 7),
(8196, '2018-07-07 08:44:28', '2018-07-07 11:37:39', 20000, 1, 7),
(8197, '2018-07-09 08:31:30', '2018-07-09 18:08:20', 0, 1, 7),
(8198, '2018-07-10 08:41:27', '2018-07-10 18:21:35', 20000, 1, 7),
(8199, '2018-07-11 08:30:46', '2018-07-11 19:09:24', 0, 1, 7),
(8200, '2018-07-12 08:34:17', '2018-07-12 18:13:07', 0, 1, 7),
(8201, '2018-07-13 08:36:15', '2018-07-13 19:16:22', 10000, 1, 7),
(8202, '2018-07-14 08:37:48', '2018-07-14 11:44:05', 10000, 1, 7),
(8203, '2018-07-16 08:25:11', '2018-07-16 18:20:56', 0, 1, 7),
(8204, '2018-07-17 08:32:15', '2018-07-17 18:20:55', 0, 1, 7),
(8205, '2018-07-18 08:34:13', '2018-07-18 18:20:54', 0, 1, 7),
(8206, '2018-07-19 08:33:02', '2018-07-19 18:10:46', 0, 1, 7),
(8207, '2018-07-20 08:35:43', '2018-07-20 18:20:48', 0, 1, 7),
(8208, '2018-07-21 08:42:28', '2018-07-21 11:57:23', 20000, 1, 7),
(8209, '2018-07-23 08:45:59', '2018-07-23 19:14:53', 20000, 1, 7),
(8210, '2018-07-24 08:35:34', '2018-07-24 18:11:11', 0, 1, 7),
(8211, '2018-07-25 08:33:46', NULL, 0, 0, 7),
(8212, '2018-07-26 09:02:12', '2018-07-26 19:26:46', 30000, 1, 7),
(8213, '2018-07-27 08:40:17', '2018-07-27 18:15:08', 10000, 1, 7),
(8214, '2018-07-28 08:40:35', '2018-07-28 11:57:29', 10000, 1, 7),
(8215, '2018-07-30 08:40:29', '2018-07-30 18:21:03', 10000, 1, 7),
(8216, '2018-07-31 08:42:04', '2018-07-31 18:23:04', 20000, 1, 7),
(8217, '2018-07-02 08:33:57', '2018-07-02 18:28:58', 0, 1, 111),
(8218, '2018-07-04 08:52:03', '2018-07-04 18:23:57', 20000, 1, 111),
(8219, '2018-07-05 08:44:30', '2018-07-05 18:55:53', 20000, 1, 111),
(8220, '2018-07-06 08:35:48', '2018-07-06 19:03:14', 0, 1, 111),
(8221, NULL, '2018-07-07 12:10:36', 0, 2, 111),
(8222, NULL, '2018-07-09 18:49:25', 0, 2, 111),
(8223, '2018-07-10 08:36:20', '2018-07-10 19:23:27', 10000, 1, 111),
(8224, '2018-07-11 08:26:11', '2018-07-11 20:11:24', 0, 1, 111),
(8225, '2018-07-12 08:24:31', '2018-07-12 19:27:59', 0, 1, 111),
(8226, '2018-07-16 08:29:47', '2018-07-16 18:24:17', 0, 1, 111),
(8227, '2018-07-17 08:42:44', NULL, 20000, 0, 111),
(8228, '2018-07-19 08:28:04', '2018-07-19 19:05:23', 0, 1, 111),
(8229, '2018-07-20 08:38:23', '2018-07-20 18:36:36', 10000, 1, 111),
(8230, NULL, '2018-07-21 12:04:37', 0, 2, 111),
(8231, '2018-07-23 08:27:57', '2018-07-23 19:21:13', 0, 1, 111),
(8232, '2018-07-25 08:20:51', '2018-07-25 18:12:12', 0, 1, 111),
(8233, '2018-07-27 08:53:39', '2018-07-27 18:56:03', 20000, 1, 111),
(8234, '2018-07-31 08:30:22', '2018-07-31 18:46:16', 0, 1, 111),
(8235, '2018-07-02 08:33:59', NULL, 0, 0, 46),
(8236, '2018-07-03 08:37:43', '2018-07-03 19:51:08', 10000, 1, 46),
(8237, '2018-07-04 08:31:01', '2018-07-04 19:08:03', 0, 1, 46),
(8238, '2018-07-05 07:06:19', NULL, 0, 0, 46),
(8239, '2018-07-06 08:45:56', '2018-07-06 20:31:59', 20000, 1, 46),
(8240, '2018-07-07 08:02:42', NULL, 0, 0, 46),
(8241, '2018-07-09 09:29:40', NULL, 40000, 0, 46),
(8242, '2018-07-10 08:42:34', '2018-07-10 19:02:01', 20000, 1, 46),
(8243, '2018-07-11 08:26:05', NULL, 0, 0, 46),
(8244, '2018-07-12 08:14:07', '2018-07-12 18:21:45', 0, 1, 46),
(8245, '2018-07-13 08:24:41', NULL, 0, 0, 46),
(8246, NULL, '2018-07-14 12:50:39', 0, 2, 46),
(8247, '2018-07-16 08:31:27', NULL, 0, 0, 46),
(8248, '2018-07-17 08:32:46', '2018-07-17 20:38:26', 0, 1, 46),
(8249, '2018-07-18 08:24:50', NULL, 0, 0, 46),
(8250, '2018-07-19 08:33:14', '2018-07-19 21:07:25', 0, 1, 46),
(8251, '2018-07-20 08:32:20', NULL, 0, 0, 46),
(8252, '2018-07-23 09:12:04', NULL, 30000, 0, 46),
(8253, '2018-07-24 08:31:21', '2018-07-24 20:06:26', 0, 1, 46),
(8254, '2018-07-25 08:24:56', NULL, 0, 0, 46),
(8255, '2018-07-26 08:09:59', '2018-07-26 20:25:33', 0, 1, 46),
(8256, '2018-07-27 08:30:52', '2018-07-27 18:36:30', 0, 1, 46),
(8257, NULL, '2018-07-28 12:00:07', 0, 2, 46),
(8258, '2018-07-30 08:26:13', '2018-07-30 19:39:54', 0, 1, 46),
(8259, '2018-07-02 08:35:36', '2018-07-02 16:51:47', 0, 1, 89),
(8260, '2018-07-03 18:11:33', '2018-07-03 18:12:00', 391667, 1, 89),
(8261, '2018-07-04 08:54:38', '2018-07-04 20:04:17', 20000, 1, 89),
(8262, '2018-07-05 08:43:47', NULL, 20000, 0, 89),
(8263, '2018-07-06 08:54:08', '2018-07-06 18:25:32', 20000, 1, 89),
(8264, '2018-07-07 08:55:16', NULL, 20000, 0, 89),
(8265, '2018-07-09 09:29:36', NULL, 40000, 0, 89),
(8266, '2018-07-10 08:57:49', '2018-07-10 18:37:10', 20000, 1, 89),
(8267, '2018-07-11 08:58:10', '2018-07-11 19:48:12', 20000, 1, 89),
(8268, '2018-07-12 08:37:27', '2018-07-12 12:08:34', 10000, 1, 89),
(8269, '2018-07-13 09:49:02', '2018-07-13 18:49:51', 391667, 1, 89),
(8270, '2018-07-14 09:26:28', NULL, 40000, 0, 89),
(8271, '2018-07-16 08:40:46', NULL, 10000, 0, 89),
(8272, '2018-07-17 08:52:43', '2018-07-17 20:44:56', 20000, 1, 89),
(8273, '2018-07-18 08:52:27', NULL, 20000, 0, 89),
(8274, '2018-07-19 08:27:59', '2018-07-19 20:56:45', 0, 1, 89),
(8275, '2018-07-20 08:58:06', NULL, 20000, 0, 89),
(8276, '2018-07-21 10:00:15', '2018-07-21 15:53:24', 391667, 1, 89),
(8277, '2018-07-23 08:43:06', NULL, 20000, 0, 89),
(8278, '2018-07-24 08:49:44', '2018-07-24 19:30:03', 20000, 1, 89),
(8279, '2018-07-25 08:47:15', '2018-07-25 18:53:53', 20000, 1, 89),
(8280, '2018-07-26 08:36:54', NULL, 10000, 0, 89),
(8281, '2018-07-27 08:53:25', '2018-07-27 19:13:48', 20000, 1, 89),
(8282, '2018-07-28 08:48:43', '2018-07-28 12:45:08', 20000, 1, 89),
(8283, '2018-07-30 08:56:23', NULL, 20000, 0, 89),
(8284, '2018-07-31 08:46:47', '2018-07-31 18:49:36', 20000, 1, 89),
(8285, '2018-07-02 08:37:01', '2018-07-02 11:51:53', 10000, 1, 16),
(8286, '2018-07-03 08:45:11', '2018-07-03 18:12:07', 20000, 1, 16),
(8287, '2018-07-04 09:46:42', '2018-07-04 18:01:20', 343750, 1, 16),
(8288, '2018-07-05 08:48:30', '2018-07-05 17:52:02', 20000, 1, 16),
(8289, '2018-07-09 08:51:44', '2018-07-09 17:52:56', 20000, 1, 16),
(8290, '2018-07-10 08:58:04', '2018-07-10 18:12:46', 20000, 1, 16),
(8291, '2018-07-11 08:24:26', '2018-07-11 18:06:04', 0, 1, 16),
(8292, '2018-07-12 08:28:22', '2018-07-12 18:44:54', 0, 1, 16),
(8293, '2018-07-13 08:42:54', '2018-07-13 18:03:27', 20000, 1, 16),
(8294, '2018-07-16 08:40:51', '2018-07-16 18:21:48', 10000, 1, 16),
(8295, '2018-07-26 08:39:33', '2018-07-26 18:03:27', 10000, 1, 16),
(8296, '2018-07-27 08:36:27', '2018-07-27 18:17:40', 10000, 1, 16),
(8297, '2018-07-30 08:21:50', '2018-07-30 18:20:05', 0, 1, 16),
(8298, '2018-07-31 08:39:58', '2018-07-31 19:02:10', 10000, 1, 16),
(8299, '2018-07-02 08:39:38', '2018-07-02 12:04:57', 10000, 1, 33),
(8300, '2018-07-03 08:34:51', '2018-07-03 12:01:02', 0, 1, 33),
(8301, '2018-07-04 08:34:57', '2018-07-04 12:02:38', 0, 1, 33),
(8302, '2018-07-06 08:34:04', '2018-07-06 12:05:27', 0, 1, 33),
(8303, '2018-07-09 08:36:05', '2018-07-09 12:07:58', 10000, 1, 33),
(8304, '2018-07-10 08:32:20', '2018-07-10 12:04:41', 0, 1, 33),
(8305, '2018-07-11 08:30:37', '2018-07-11 12:04:36', 0, 1, 33),
(8306, '2018-07-12 08:26:03', '2018-07-12 12:03:14', 0, 1, 33),
(8307, '2018-07-13 08:29:01', NULL, 0, 0, 33),
(8308, '2018-07-16 08:32:57', '2018-07-16 11:59:57', 0, 1, 33),
(8309, '2018-07-17 08:29:12', NULL, 0, 0, 33),
(8310, '2018-07-18 08:32:30', '2018-07-18 12:07:36', 0, 1, 33),
(8311, '2018-07-19 08:29:39', NULL, 0, 0, 33),
(8312, '2018-07-20 08:32:18', '2018-07-20 12:09:15', 0, 1, 33),
(8313, '2018-07-23 08:29:37', NULL, 0, 0, 33),
(8314, '2018-07-24 08:33:03', NULL, 0, 0, 33),
(8315, '2018-07-25 08:33:43', NULL, 0, 0, 33),
(8316, '2018-07-26 08:32:34', '2018-07-26 12:04:41', 0, 1, 33),
(8317, '2018-07-27 08:34:02', NULL, 0, 0, 33),
(8318, '2018-07-02 08:40:45', '2018-07-02 18:27:25', 10000, 1, 47),
(8319, '2018-07-03 08:15:43', '2018-07-03 19:02:35', 0, 1, 47),
(8320, '2018-07-04 08:21:13', '2018-07-04 18:39:51', 0, 1, 47),
(8321, '2018-07-05 07:12:06', '2018-07-05 17:55:10', 0, 1, 47),
(8322, '2018-07-06 08:48:10', '2018-07-06 19:18:36', 20000, 1, 47),
(8323, '2018-07-07 08:44:36', '2018-07-07 16:43:31', 20000, 1, 47),
(8324, '2018-07-09 08:34:57', '2018-07-09 18:49:23', 0, 1, 47),
(8325, '2018-07-10 09:04:33', '2018-07-10 10:34:21', 30000, 1, 47),
(8326, '2018-07-11 08:21:56', '2018-07-11 18:59:15', 0, 1, 47),
(8327, '2018-07-12 08:38:27', '2018-07-12 18:53:23', 10000, 1, 47),
(8328, '2018-07-13 08:04:35', '2018-07-13 18:33:01', 0, 1, 47),
(8329, '2018-07-14 08:16:18', '2018-07-14 11:43:32', 0, 1, 47),
(8330, '2018-07-16 08:15:52', '2018-07-16 18:45:42', 0, 1, 47),
(8331, '2018-07-17 08:18:26', NULL, 0, 0, 47),
(8332, '2018-07-18 08:22:59', '2018-07-18 18:57:35', 0, 1, 47),
(8333, '2018-07-19 08:21:57', '2018-07-19 20:44:52', 0, 1, 47),
(8334, '2018-07-20 08:23:47', '2018-07-20 18:50:10', 0, 1, 47),
(8335, '2018-07-21 08:19:13', '2018-07-21 12:13:38', 0, 1, 47),
(8336, '2018-07-23 09:04:02', '2018-07-23 18:06:57', 30000, 1, 47),
(8337, '2018-07-24 08:20:32', '2018-07-24 18:32:20', 0, 1, 47),
(8338, '2018-07-25 08:29:38', NULL, 0, 0, 47),
(8339, '2018-07-26 08:20:50', '2018-07-26 18:07:43', 0, 1, 47),
(8340, '2018-07-27 08:21:38', '2018-07-27 18:16:25', 0, 1, 47),
(8341, '2018-07-28 08:20:41', '2018-07-28 11:44:12', 0, 1, 47),
(8342, '2018-07-30 13:24:12', '2018-07-30 18:19:37', 366667, 1, 47),
(8343, '2018-07-31 08:19:27', '2018-07-31 18:31:03', 0, 1, 47),
(8344, '2018-07-02 08:41:45', '2018-07-02 19:04:38', 20000, 1, 101),
(8345, '2018-07-03 08:24:47', '2018-07-03 19:02:23', 0, 1, 101),
(8346, '2018-07-04 08:27:47', '2018-07-04 18:22:08', 0, 1, 101),
(8347, '2018-07-05 08:40:05', '2018-07-05 18:50:09', 10000, 1, 101),
(8348, '2018-07-06 08:39:00', NULL, 10000, 0, 101),
(8349, '2018-07-07 08:39:54', NULL, 10000, 0, 101),
(8350, '2018-07-09 08:40:14', '2018-07-09 18:46:20', 10000, 1, 101),
(8351, '2018-07-10 08:36:02', '2018-07-10 18:17:14', 10000, 1, 101),
(8352, '2018-07-11 07:47:24', '2018-07-11 18:09:09', 0, 1, 101),
(8353, '2018-07-12 08:22:14', '2018-07-12 19:38:56', 0, 1, 101),
(8354, '2018-07-13 08:30:19', '2018-07-13 19:44:15', 0, 1, 101),
(8355, '2018-07-14 08:45:52', NULL, 20000, 0, 101),
(8356, '2018-07-16 08:25:38', '2018-07-16 18:26:44', 0, 1, 101),
(8357, '2018-07-17 08:32:48', '2018-07-17 18:18:01', 0, 1, 101),
(8358, '2018-07-18 08:28:27', '2018-07-18 20:15:02', 0, 1, 101),
(8359, '2018-07-19 08:32:56', '2018-07-19 15:28:35', 0, 1, 101),
(8360, '2018-07-20 08:38:34', '2018-07-20 18:30:06', 10000, 1, 101),
(8361, '2018-07-23 08:55:56', '2018-07-23 18:35:42', 20000, 1, 101),
(8362, '2018-07-24 08:29:41', '2018-07-24 20:11:23', 0, 1, 101),
(8363, '2018-07-25 08:36:27', '2018-07-25 18:28:15', 10000, 1, 101),
(8364, '2018-07-26 08:37:17', '2018-07-26 18:30:48', 10000, 1, 101),
(8365, '2018-07-27 08:38:45', '2018-07-27 19:30:22', 10000, 1, 101),
(8366, '2018-07-28 08:44:18', '2018-07-28 12:03:55', 20000, 1, 101),
(8367, '2018-07-30 08:33:49', '2018-07-30 18:32:43', 0, 1, 101),
(8368, '2018-07-31 08:21:01', '2018-07-31 20:02:50', 0, 1, 101),
(8369, '2018-07-02 08:41:50', '2018-07-02 18:55:31', 20000, 1, 12),
(8370, '2018-07-03 08:41:04', '2018-07-03 19:01:18', 20000, 1, 12),
(8371, '2018-07-04 08:41:56', '2018-07-04 18:23:30', 20000, 1, 12),
(8372, '2018-07-05 08:48:20', '2018-07-05 18:49:24', 20000, 1, 12),
(8373, '2018-07-06 08:45:27', '2018-07-06 18:58:45', 20000, 1, 12),
(8374, '2018-07-07 08:54:07', '2018-07-07 12:46:58', 20000, 1, 12),
(8375, '2018-07-09 08:38:48', '2018-07-09 18:44:55', 10000, 1, 12),
(8376, '2018-07-10 08:44:13', '2018-07-10 18:35:00', 20000, 1, 12),
(8377, '2018-07-11 08:50:15', '2018-07-11 19:22:23', 20000, 1, 12),
(8378, '2018-07-12 08:24:02', '2018-07-12 19:07:30', 0, 1, 12),
(8379, '2018-07-13 08:31:37', '2018-07-13 18:25:57', 0, 1, 12),
(8380, '2018-07-14 08:48:43', '2018-07-14 12:06:12', 20000, 1, 12),
(8381, '2018-07-16 08:28:37', '2018-07-16 18:39:50', 0, 1, 12),
(8382, '2018-07-17 08:34:02', '2018-07-17 18:30:18', 0, 1, 12),
(8383, '2018-07-18 08:41:11', '2018-07-18 18:57:39', 20000, 1, 12),
(8384, '2018-07-19 08:37:17', '2018-07-19 18:21:55', 10000, 1, 12),
(8385, '2018-07-20 08:41:23', '2018-07-20 18:32:48', 20000, 1, 12),
(8386, '2018-07-21 09:17:20', '2018-07-21 11:58:28', 40000, 1, 12),
(8387, '2018-07-23 08:31:30', '2018-07-23 18:47:09', 0, 1, 12),
(8388, '2018-07-24 08:31:27', '2018-07-24 18:45:23', 0, 1, 12),
(8389, '2018-07-25 08:36:24', '2018-07-25 18:45:31', 10000, 1, 12),
(8390, '2018-07-26 08:37:14', '2018-07-26 18:36:38', 10000, 1, 12),
(8391, '2018-07-27 08:38:32', '2018-07-27 18:58:52', 10000, 1, 12),
(8392, '2018-07-28 08:46:49', '2018-07-28 12:02:54', 20000, 1, 12),
(8393, '2018-07-30 08:30:14', '2018-07-30 18:38:58', 0, 1, 12),
(8394, '2018-07-31 08:34:30', '2018-07-31 18:30:54', 0, 1, 12),
(8395, '2018-07-02 08:41:53', '2018-07-02 18:11:27', 20000, 1, 4),
(8396, '2018-07-04 08:31:19', '2018-07-04 18:12:55', 0, 1, 4),
(8397, '2018-07-06 08:47:42', '2018-07-06 18:44:08', 20000, 1, 4),
(8398, '2018-07-10 08:53:07', '2018-07-10 18:22:59', 20000, 1, 4),
(8399, '2018-07-11 08:44:41', '2018-07-11 18:17:14', 20000, 1, 4),
(8400, '2018-07-12 08:40:34', '2018-07-12 18:16:54', 10000, 1, 4),
(8401, '2018-07-13 08:43:40', '2018-07-13 18:19:18', 20000, 1, 4),
(8402, '2018-07-16 08:46:10', '2018-07-16 18:20:46', 20000, 1, 4),
(8403, '2018-07-17 08:48:05', '2018-07-17 18:20:09', 20000, 1, 4),
(8404, '2018-07-18 08:51:20', '2018-07-18 18:26:38', 20000, 1, 4),
(8405, '2018-07-20 08:43:24', '2018-07-20 18:31:19', 20000, 1, 4),
(8406, '2018-07-23 08:43:34', '2018-07-23 18:26:42', 20000, 1, 4),
(8407, '2018-07-24 08:31:33', '2018-07-24 18:15:53', 0, 1, 4),
(8408, '2018-07-25 08:41:06', '2018-07-25 18:12:17', 20000, 1, 4),
(8409, '2018-07-26 08:43:38', '2018-07-26 18:18:14', 20000, 1, 4),
(8410, '2018-07-30 08:38:40', '2018-07-30 18:19:19', 10000, 1, 4),
(8411, '2018-07-31 08:46:51', '2018-07-31 18:20:40', 20000, 1, 4),
(8412, '2018-07-02 08:41:57', '2018-07-02 18:24:53', 20000, 1, 57),
(8413, '2018-07-03 08:48:30', '2018-07-03 19:16:50', 20000, 1, 57),
(8414, '2018-07-04 08:35:54', '2018-07-04 18:56:11', 0, 1, 57),
(8415, '2018-07-05 08:36:13', '2018-07-05 18:59:16', 10000, 1, 57),
(8416, '2018-07-06 08:32:48', '2018-07-06 18:55:55', 0, 1, 57),
(8417, '2018-07-07 08:33:19', '2018-07-07 14:57:55', 0, 1, 57),
(8418, '2018-07-09 09:26:18', '2018-07-09 18:51:38', 40000, 1, 57),
(8419, '2018-07-10 08:39:32', '2018-07-10 18:59:16', 10000, 1, 57),
(8420, '2018-07-11 08:40:34', '2018-07-11 18:19:23', 10000, 1, 57),
(8421, '2018-07-12 08:24:05', '2018-07-12 18:48:52', 0, 1, 57),
(8422, '2018-07-13 08:31:53', '2018-07-13 18:40:07', 0, 1, 57),
(8423, NULL, '2018-07-14 12:24:01', 0, 2, 57),
(8424, '2018-07-16 08:32:54', '2018-07-16 18:54:10', 0, 1, 57),
(8425, '2018-07-17 08:46:30', '2018-07-17 18:57:07', 20000, 1, 57),
(8426, '2018-07-18 08:34:22', '2018-07-18 18:55:59', 0, 1, 57),
(8427, '2018-07-19 08:33:21', '2018-07-19 20:28:41', 0, 1, 57),
(8428, '2018-07-20 09:06:13', '2018-07-20 18:49:14', 30000, 1, 57),
(8429, NULL, '2018-07-21 12:13:32', 0, 2, 57),
(8430, NULL, '2018-07-23 18:44:09', 0, 2, 57),
(8431, '2018-07-24 08:27:46', '2018-07-24 18:45:37', 0, 1, 57),
(8432, '2018-07-25 09:13:54', '2018-07-25 18:31:43', 30000, 1, 57),
(8433, '2018-07-26 08:45:58', '2018-07-26 18:26:09', 20000, 1, 57),
(8434, '2018-07-27 08:34:07', '2018-07-27 18:47:54', 0, 1, 57),
(8435, '2018-07-28 08:42:53', '2018-07-28 16:16:04', 20000, 1, 57),
(8436, '2018-07-30 08:37:21', '2018-07-30 18:37:03', 10000, 1, 57),
(8437, '2018-07-31 08:31:37', '2018-07-31 18:42:20', 0, 1, 57),
(8438, '2018-07-02 08:42:11', '2018-07-02 19:39:11', 20000, 1, 71),
(8439, '2018-07-03 08:41:27', '2018-07-03 19:25:29', 20000, 1, 71),
(8440, '2018-07-04 08:43:11', '2018-07-04 19:16:10', 20000, 1, 71),
(8441, '2018-07-05 08:33:18', '2018-07-05 19:19:26', 0, 1, 71),
(8442, '2018-07-06 08:30:57', '2018-07-06 19:03:57', 0, 1, 71),
(8443, '2018-07-07 08:37:00', '2018-07-07 16:38:51', 10000, 1, 71),
(8444, '2018-07-09 12:40:35', '2018-07-09 18:50:16', 356250, 1, 71),
(8445, '2018-07-10 08:41:46', '2018-07-10 19:34:10', 20000, 1, 71),
(8446, '2018-07-11 08:21:59', '2018-07-11 19:07:53', 0, 1, 71),
(8447, '2018-07-12 08:20:18', NULL, 0, 0, 71),
(8448, '2018-07-13 08:24:44', '2018-07-13 19:03:33', 0, 1, 71),
(8449, '2018-07-14 08:18:03', '2018-07-14 14:58:34', 0, 1, 71),
(8450, '2018-07-16 08:25:31', '2018-07-16 19:09:52', 0, 1, 71),
(8451, '2018-07-17 08:29:01', '2018-07-17 19:10:34', 0, 1, 71),
(8452, '2018-07-18 08:29:36', '2018-07-18 20:09:40', 0, 1, 71),
(8453, '2018-07-19 08:22:07', '2018-07-19 19:28:05', 0, 1, 71),
(8454, '2018-07-20 08:22:11', '2018-07-20 18:46:59', 0, 1, 71),
(8455, '2018-07-21 08:27:26', '2018-07-21 15:53:20', 0, 1, 71),
(8456, '2018-07-23 08:28:08', '2018-07-23 19:10:57', 0, 1, 71),
(8457, '2018-07-24 08:26:12', '2018-07-24 18:51:54', 0, 1, 71),
(8458, '2018-07-25 08:26:31', '2018-07-25 18:34:33', 0, 1, 71),
(8459, '2018-07-26 08:21:03', '2018-07-26 19:08:58', 0, 1, 71),
(8460, '2018-07-27 08:28:55', '2018-07-27 19:06:45', 0, 1, 71),
(8461, '2018-07-28 08:26:05', '2018-07-28 11:57:26', 0, 1, 71),
(8462, '2018-07-30 08:30:09', '2018-07-30 18:56:58', 0, 1, 71),
(8463, '2018-07-31 08:23:30', '2018-07-31 19:04:52', 0, 1, 71),
(8464, '2018-07-02 08:42:20', '2018-07-02 12:00:59', 20000, 1, 84),
(8465, '2018-07-03 08:36:10', '2018-07-03 18:59:14', 10000, 1, 84),
(8466, '2018-07-04 08:46:29', '2018-07-04 12:00:14', 20000, 1, 84),
(8467, '2018-07-05 08:33:25', '2018-07-05 19:20:04', 0, 1, 84),
(8468, '2018-07-06 08:41:14', '2018-07-06 12:09:46', 20000, 1, 84),
(8469, '2018-07-09 08:48:50', '2018-07-09 12:14:41', 20000, 1, 84),
(8470, '2018-07-10 08:44:30', '2018-07-10 19:40:04', 20000, 1, 84),
(8471, '2018-07-11 08:31:26', '2018-07-11 12:06:15', 0, 1, 84),
(8472, '2018-07-12 08:28:52', '2018-07-12 18:32:29', 0, 1, 84),
(8473, '2018-07-13 08:31:57', '2018-07-13 12:27:39', 0, 1, 84),
(8474, '2018-07-16 08:33:03', '2018-07-16 14:02:46', 0, 1, 84),
(8475, '2018-07-17 08:32:43', NULL, 0, 0, 84),
(8476, '2018-07-18 08:32:34', '2018-07-18 11:56:27', 0, 1, 84),
(8477, '2018-07-19 08:24:46', '2018-07-19 19:28:02', 0, 1, 84),
(8478, '2018-07-20 08:23:54', '2018-07-20 12:00:52', 0, 1, 84),
(8479, '2018-07-21 08:26:48', '2018-07-21 12:29:20', 0, 1, 84),
(8480, '2018-07-23 09:19:44', '2018-07-23 12:05:39', 40000, 1, 84),
(8481, '2018-07-24 08:28:54', '2018-07-24 18:15:41', 0, 1, 84),
(8482, '2018-07-25 08:28:34', '2018-07-25 12:06:27', 0, 1, 84),
(8483, '2018-07-26 08:24:03', '2018-07-26 19:05:04', 0, 1, 84),
(8484, '2018-07-27 08:30:36', '2018-07-27 12:18:42', 0, 1, 84),
(8485, '2018-07-28 08:28:23', '2018-07-28 12:03:25', 0, 1, 84),
(8486, '2018-07-31 08:00:05', '2018-07-31 19:05:12', 0, 1, 84),
(8487, '2018-07-02 08:42:53', '2018-07-02 17:58:04', 20000, 1, 81),
(8488, '2018-07-03 09:16:38', '2018-07-03 17:35:48', 40000, 1, 81),
(8489, '2018-07-04 08:36:39', '2018-07-04 17:58:43', 10000, 1, 81),
(8490, '2018-07-05 07:32:28', '2018-07-05 17:43:36', 0, 1, 81),
(8491, '2018-07-06 08:22:14', '2018-07-06 17:56:09', 0, 1, 81),
(8492, '2018-07-07 08:51:36', '2018-07-07 11:38:35', 20000, 1, 81),
(8493, '2018-07-10 14:09:08', '2018-07-10 18:08:06', 308333, 1, 81),
(8494, '2018-07-12 08:22:18', '2018-07-12 18:03:38', 0, 1, 81),
(8495, '2018-07-13 08:25:03', '2018-07-13 11:56:26', 0, 1, 81),
(8496, '2018-07-17 08:24:04', '2018-07-17 18:01:57', 0, 1, 81),
(8497, '2018-07-18 08:21:21', '2018-07-18 11:59:53', 0, 1, 81),
(8498, '2018-07-19 08:29:49', '2018-07-19 18:02:30', 0, 1, 81),
(8499, '2018-07-23 13:48:48', '2018-07-23 18:04:26', 308333, 1, 81),
(8500, '2018-07-25 13:55:36', '2018-07-25 18:00:50', 308333, 1, 81),
(8501, '2018-07-26 08:29:00', '2018-07-26 12:01:14', 0, 1, 81),
(8502, '2018-07-27 08:28:48', '2018-07-27 11:57:50', 0, 1, 81),
(8503, '2018-07-28 08:38:55', '2018-07-28 11:14:37', 10000, 1, 81),
(8504, '2018-07-30 14:06:09', '2018-07-30 18:00:13', 308333, 1, 81),
(8505, '2018-07-31 08:27:23', '2018-07-31 12:00:59', 0, 1, 81),
(8506, '2018-07-02 08:45:30', '2018-07-02 18:28:53', 20000, 1, 77),
(8507, '2018-07-03 08:43:11', '2018-07-03 18:50:57', 20000, 1, 77),
(8508, '2018-07-04 08:43:00', NULL, 20000, 0, 77),
(8509, '2018-07-05 08:55:08', '2018-07-05 18:30:18', 20000, 1, 77),
(8510, '2018-07-06 08:41:35', NULL, 20000, 0, 77),
(8511, '2018-07-07 08:30:32', '2018-07-07 12:10:31', 0, 1, 77),
(8512, '2018-07-09 09:02:57', '2018-07-09 18:48:43', 30000, 1, 77),
(8513, '2018-07-10 08:53:01', '2018-07-10 18:25:11', 20000, 1, 77),
(8514, '2018-07-11 08:24:22', '2018-07-11 18:18:00', 0, 1, 77),
(8515, '2018-07-12 08:25:07', '2018-07-12 18:30:42', 0, 1, 77),
(8516, '2018-07-13 08:28:02', '2018-07-13 18:31:54', 0, 1, 77),
(8517, '2018-07-14 08:29:12', '2018-07-14 12:43:11', 0, 1, 77),
(8518, '2018-07-16 07:22:14', '2018-07-16 18:14:46', 0, 1, 77),
(8519, '2018-07-17 08:36:53', '2018-07-17 18:55:45', 10000, 1, 77),
(8520, '2018-07-18 08:32:21', '2018-07-18 18:31:21', 0, 1, 77),
(8521, '2018-07-19 08:33:09', '2018-07-19 18:35:26', 0, 1, 77),
(8522, '2018-07-20 08:32:35', '2018-07-20 19:24:58', 0, 1, 77),
(8523, '2018-07-23 07:25:53', '2018-07-23 18:44:00', 0, 1, 77),
(8524, '2018-07-24 08:32:20', '2018-07-24 18:15:31', 0, 1, 77),
(8525, '2018-07-25 07:28:35', '2018-07-25 17:33:46', 0, 1, 77),
(8526, '2018-07-26 07:39:34', '2018-07-26 18:05:13', 0, 1, 77),
(8527, '2018-07-27 07:29:32', '2018-07-27 18:08:01', 0, 1, 77),
(8528, '2018-07-28 08:19:04', '2018-07-28 13:57:52', 0, 1, 77),
(8529, '2018-07-30 08:32:18', '2018-07-30 18:21:50', 0, 1, 77),
(8530, '2018-07-31 08:26:14', '2018-07-31 18:50:52', 0, 1, 77),
(8531, '2018-07-02 08:45:34', '2018-07-02 18:28:40', 20000, 1, 78),
(8532, '2018-07-03 08:43:04', '2018-07-03 18:50:53', 20000, 1, 78),
(8533, '2018-07-04 08:42:54', '2018-07-04 18:59:05', 20000, 1, 78),
(8534, '2018-07-05 08:54:57', '2018-07-05 18:30:22', 20000, 1, 78),
(8535, '2018-07-06 08:41:39', '2018-07-06 19:05:43', 20000, 1, 78),
(8536, '2018-07-10 12:59:54', '2018-07-10 18:25:02', 387500, 1, 78),
(8537, '2018-07-11 08:24:08', '2018-07-11 18:17:54', 0, 1, 78),
(8538, '2018-07-12 08:24:47', '2018-07-12 18:30:36', 0, 1, 78),
(8539, '2018-07-13 08:27:58', '2018-07-13 18:31:41', 0, 1, 78),
(8540, '2018-07-14 08:27:31', '2018-07-14 12:43:04', 0, 1, 78),
(8541, '2018-07-16 08:32:48', '2018-07-16 18:31:11', 0, 1, 78),
(8542, '2018-07-17 08:36:46', '2018-07-17 18:54:45', 10000, 1, 78),
(8543, '2018-07-18 08:32:13', '2018-07-18 18:30:11', 0, 1, 78),
(8544, '2018-07-19 08:33:06', '2018-07-19 18:35:11', 0, 1, 78),
(8545, '2018-07-20 08:32:31', '2018-07-20 19:25:01', 0, 1, 78),
(8546, '2018-07-23 08:43:29', '2018-07-23 19:13:27', 20000, 1, 78),
(8547, '2018-07-24 08:32:24', '2018-07-24 18:15:16', 0, 1, 78),
(8548, '2018-07-25 08:29:44', '2018-07-25 18:02:40', 0, 1, 78),
(8549, '2018-07-26 08:45:17', '2018-07-26 18:51:00', 20000, 1, 78),
(8550, '2018-07-27 08:25:40', '2018-07-27 18:56:32', 0, 1, 78),
(8551, '2018-07-28 08:18:58', '2018-07-28 16:25:25', 0, 1, 78),
(8552, '2018-07-30 08:32:14', '2018-07-30 12:38:03', 0, 1, 78),
(8553, '2018-07-31 08:26:08', '2018-07-31 18:43:57', 0, 1, 78),
(8554, '2018-07-02 08:45:37', NULL, 20000, 0, 44),
(8555, '2018-07-03 08:41:46', '2018-07-03 19:14:19', 20000, 1, 44),
(8556, '2018-07-04 08:43:14', '2018-07-04 20:03:28', 20000, 1, 44),
(8557, '2018-07-05 08:43:39', '2018-07-05 19:31:22', 20000, 1, 44),
(8558, '2018-07-06 08:40:46', '2018-07-06 21:49:31', 10000, 1, 44),
(8559, NULL, '2018-07-07 19:07:09', 0, 2, 44),
(8560, '2018-07-09 08:48:53', '2018-07-09 18:50:49', 20000, 1, 44),
(8561, '2018-07-10 08:41:39', '2018-07-10 19:39:56', 20000, 1, 44),
(8562, '2018-07-11 08:26:25', '2018-07-11 19:35:27', 0, 1, 44),
(8563, '2018-07-12 08:32:04', '2018-07-12 19:08:48', 0, 1, 44),
(8564, '2018-07-13 08:31:40', '2018-07-13 19:15:54', 0, 1, 44),
(8565, '2018-07-14 08:26:15', '2018-07-14 13:30:41', 0, 1, 44),
(8566, '2018-07-16 08:27:50', '2018-07-16 19:11:01', 0, 1, 44);
INSERT INTO `timekeeping` (`id`, `checkin`, `checkout`, `deduction`, `status`, `id_user`) VALUES
(8567, '2018-07-17 08:27:23', '2018-07-17 19:45:25', 0, 1, 44),
(8568, '2018-07-18 08:32:24', '2018-07-18 19:34:20', 0, 1, 44),
(8569, '2018-07-19 08:27:42', NULL, 0, 0, 44),
(8570, '2018-07-21 08:27:20', '2018-07-21 16:02:06', 0, 1, 44),
(8571, '2018-07-23 08:36:13', '2018-07-23 18:39:57', 10000, 1, 44),
(8572, '2018-07-24 08:24:30', NULL, 0, 0, 44),
(8573, '2018-07-25 08:28:36', '2018-07-25 18:17:25', 0, 1, 44),
(8574, '2018-07-26 08:31:07', '2018-07-26 20:42:28', 0, 1, 44),
(8575, '2018-07-27 08:30:28', '2018-07-27 18:35:21', 0, 1, 44),
(8576, '2018-07-28 08:25:54', NULL, 0, 0, 44),
(8577, '2018-07-30 08:29:10', '2018-07-30 18:57:34', 0, 1, 44),
(8578, '2018-07-31 08:28:49', '2018-07-31 19:07:38', 0, 1, 44),
(8579, '2018-07-02 08:47:46', '2018-07-02 19:33:14', 20000, 1, 32),
(8580, '2018-07-03 08:48:07', '2018-07-03 19:36:12', 20000, 1, 32),
(8581, '2018-07-04 08:46:31', '2018-07-04 19:08:18', 20000, 1, 32),
(8582, '2018-07-05 08:51:32', '2018-07-05 19:40:47', 20000, 1, 32),
(8583, '2018-07-06 12:24:11', '2018-07-06 20:27:11', 131250, 1, 32),
(8584, '2018-07-07 08:45:45', '2018-07-07 19:04:48', 20000, 1, 32),
(8585, NULL, '2018-07-09 19:07:20', 0, 2, 32),
(8586, '2018-07-10 09:26:37', '2018-07-10 19:30:12', 40000, 1, 32),
(8587, '2018-07-11 08:31:01', '2018-07-11 18:08:24', 0, 1, 32),
(8588, '2018-07-12 08:29:14', '2018-07-12 19:15:44', 0, 1, 32),
(8589, '2018-07-13 08:32:07', NULL, 0, 0, 32),
(8590, '2018-07-14 09:37:50', '2018-07-14 17:16:27', 131250, 1, 32),
(8591, '2018-07-16 08:32:14', '2018-07-16 19:43:16', 0, 1, 32),
(8592, '2018-07-17 08:34:16', '2018-07-17 19:00:06', 0, 1, 32),
(8593, '2018-07-18 08:37:41', '2018-07-18 20:18:00', 10000, 1, 32),
(8594, NULL, '2018-07-19 19:38:17', 0, 2, 32),
(8595, '2018-07-20 08:34:31', '2018-07-20 18:49:52', 0, 1, 32),
(8596, '2018-07-21 08:33:33', '2018-07-21 16:46:19', 0, 1, 32),
(8597, '2018-07-23 08:37:46', NULL, 10000, 0, 32),
(8598, '2018-07-24 08:29:13', '2018-07-24 18:17:44', 0, 1, 32),
(8599, '2018-07-25 08:31:37', '2018-07-25 18:26:53', 0, 1, 32),
(8600, '2018-07-26 08:36:57', '2018-07-26 20:12:33', 10000, 1, 32),
(8601, '2018-07-28 08:28:05', '2018-07-28 14:48:09', 0, 1, 32),
(8602, '2018-07-30 08:35:18', '2018-07-30 16:28:17', 0, 1, 32),
(8603, '2018-07-31 08:42:32', '2018-07-31 20:39:39', 20000, 1, 32),
(8604, '2018-07-02 08:48:36', '2018-07-02 18:06:16', 20000, 1, 103),
(8605, '2018-07-03 09:28:15', '2018-07-03 18:42:23', 40000, 1, 103),
(8606, '2018-07-04 08:55:48', '2018-07-04 18:01:34', 20000, 1, 103),
(8607, '2018-07-05 08:58:53', '2018-07-05 18:00:18', 20000, 1, 103),
(8608, '2018-07-06 08:36:45', '2018-07-06 18:51:37', 10000, 1, 103),
(8609, '2018-07-09 09:04:14', '2018-07-09 18:19:53', 30000, 1, 103),
(8610, '2018-07-10 09:08:24', '2018-07-10 18:09:34', 30000, 1, 103),
(8611, '2018-07-11 08:36:38', '2018-07-11 18:01:37', 10000, 1, 103),
(8612, '2018-07-12 08:37:23', '2018-07-12 18:02:07', 10000, 1, 103),
(8613, '2018-07-13 08:24:47', '2018-07-13 18:05:57', 0, 1, 103),
(8614, '2018-07-14 08:44:14', '2018-07-14 12:05:32', 20000, 1, 103),
(8615, '2018-07-16 08:37:07', '2018-07-16 18:03:25', 10000, 1, 103),
(8616, '2018-07-17 08:52:40', '2018-07-17 18:04:37', 20000, 1, 103),
(8617, '2018-07-18 09:12:10', '2018-07-18 18:05:18', 30000, 1, 103),
(8618, '2018-07-19 09:32:52', '2018-07-19 18:04:32', 418750, 1, 103),
(8619, '2018-07-20 09:07:20', '2018-07-20 18:12:59', 30000, 1, 103),
(8620, '2018-07-21 10:10:21', '2018-07-21 11:59:51', 418750, 1, 103),
(8621, '2018-07-23 08:45:55', '2018-07-23 18:10:46', 20000, 1, 103),
(8622, '2018-07-24 08:57:06', '2018-07-24 18:15:57', 20000, 1, 103),
(8623, '2018-07-25 08:57:54', '2018-07-25 18:01:33', 20000, 1, 103),
(8624, '2018-07-26 13:29:03', '2018-07-26 18:05:21', 418750, 1, 103),
(8625, '2018-07-27 09:14:29', '2018-07-27 18:06:42', 30000, 1, 103),
(8626, '2018-07-28 08:48:37', '2018-07-28 12:02:50', 20000, 1, 103),
(8627, '2018-07-30 08:42:08', '2018-07-30 18:09:14', 20000, 1, 103),
(8628, '2018-07-31 08:49:51', NULL, 20000, 0, 103),
(8629, '2018-07-02 08:48:45', '2018-07-02 18:06:43', 20000, 1, 96),
(8630, '2018-07-03 08:48:23', '2018-07-03 18:40:11', 20000, 1, 96),
(8631, '2018-07-04 08:50:53', '2018-07-04 18:00:12', 20000, 1, 96),
(8632, '2018-07-05 08:44:26', '2018-07-05 17:59:59', 20000, 1, 96),
(8633, '2018-07-06 08:47:39', '2018-07-06 18:02:34', 20000, 1, 96),
(8634, '2018-07-07 08:58:09', '2018-07-07 12:46:12', 20000, 1, 96),
(8635, '2018-07-09 08:54:32', '2018-07-09 18:20:02', 20000, 1, 96),
(8636, '2018-07-10 08:32:13', NULL, 0, 0, 96),
(8637, '2018-07-11 08:58:07', '2018-07-11 18:05:45', 20000, 1, 96),
(8638, '2018-07-12 08:30:29', '2018-07-12 18:01:06', 0, 1, 96),
(8639, '2018-07-13 08:54:13', '2018-07-13 18:05:41', 20000, 1, 96),
(8640, '2018-07-14 09:26:21', '2018-07-14 12:05:00', 40000, 1, 96),
(8641, '2018-07-16 08:41:54', '2018-07-16 10:58:41', 20000, 1, 96),
(8642, '2018-07-17 08:42:49', '2018-07-17 18:01:47', 20000, 1, 96),
(8643, '2018-07-18 08:43:15', '2018-07-18 18:04:51', 20000, 1, 96),
(8644, '2018-07-19 08:55:08', '2018-07-19 18:03:59', 20000, 1, 96),
(8645, '2018-07-20 08:48:40', '2018-07-20 18:46:55', 20000, 1, 96),
(8646, '2018-07-21 09:11:46', '2018-07-21 12:02:29', 30000, 1, 96),
(8647, '2018-07-23 08:48:12', '2018-07-23 19:20:08', 20000, 1, 96),
(8648, '2018-07-24 08:57:09', '2018-07-24 18:15:47', 20000, 1, 96),
(8649, '2018-07-25 09:00:49', '2018-07-25 17:57:32', 20000, 1, 96),
(8650, '2018-07-26 08:46:44', '2018-07-26 18:06:24', 20000, 1, 96),
(8651, '2018-07-27 08:46:41', '2018-07-27 18:06:52', 20000, 1, 96),
(8652, '2018-07-28 08:53:32', '2018-07-28 12:21:05', 20000, 1, 96),
(8653, '2018-07-30 08:51:30', '2018-07-30 18:50:51', 20000, 1, 96),
(8654, '2018-07-31 08:48:17', '2018-07-31 18:06:49', 20000, 1, 96),
(8655, '2018-07-02 08:49:05', '2018-07-02 18:47:26', 20000, 1, 9),
(8656, '2018-07-03 08:40:13', '2018-07-03 18:11:15', 10000, 1, 9),
(8657, '2018-07-04 08:40:39', '2018-07-04 18:32:43', 10000, 1, 9),
(8658, '2018-07-05 08:56:37', '2018-07-05 18:21:51', 20000, 1, 9),
(8659, NULL, '2018-07-06 18:30:38', 0, 2, 9),
(8660, NULL, '2018-07-07 12:45:18', 0, 2, 9),
(8661, '2018-07-09 09:02:32', '2018-07-09 18:46:36', 30000, 1, 9),
(8662, '2018-07-10 09:06:23', '2018-07-10 18:24:17', 30000, 1, 9),
(8663, '2018-07-11 08:52:56', '2018-07-11 18:02:49', 20000, 1, 9),
(8664, '2018-07-12 08:55:36', '2018-07-12 18:34:16', 20000, 1, 9),
(8665, '2018-07-13 09:00:17', '2018-07-13 18:06:22', 20000, 1, 9),
(8666, '2018-07-16 08:48:35', '2018-07-16 18:31:00', 20000, 1, 9),
(8667, '2018-07-17 08:44:52', '2018-07-17 18:56:21', 20000, 1, 9),
(8668, '2018-07-18 08:48:53', '2018-07-18 17:55:50', 20000, 1, 9),
(8669, NULL, '2018-07-19 18:33:24', 0, 2, 9),
(8670, '2018-07-20 08:28:52', NULL, 0, 0, 9),
(8671, NULL, '2018-07-21 11:52:24', 0, 2, 9),
(8672, '2018-07-23 08:48:15', '2018-07-23 18:25:52', 20000, 1, 9),
(8673, '2018-07-24 08:59:07', '2018-07-24 18:17:18', 20000, 1, 9),
(8674, '2018-07-25 09:00:53', NULL, 20000, 0, 9),
(8675, '2018-07-26 09:05:52', '2018-07-26 18:50:56', 30000, 1, 9),
(8676, '2018-07-27 08:53:33', '2018-07-27 18:35:29', 20000, 1, 9),
(8677, NULL, '2018-07-28 13:58:24', 0, 2, 9),
(8678, '2018-07-30 08:43:37', '2018-07-30 19:34:40', 20000, 1, 9),
(8679, '2018-07-31 08:46:56', '2018-07-31 18:02:34', 20000, 1, 9),
(8680, '2018-07-02 08:50:19', '2018-07-02 18:10:51', 20000, 1, 41),
(8681, '2018-07-03 08:57:29', NULL, 20000, 0, 41),
(8682, '2018-07-04 08:50:51', '2018-07-04 18:20:10', 20000, 1, 41),
(8683, '2018-07-05 08:55:01', '2018-07-05 18:26:21', 20000, 1, 41),
(8684, '2018-07-06 08:50:48', '2018-07-06 20:10:37', 20000, 1, 41),
(8685, '2018-07-07 08:55:09', '2018-07-07 15:01:35', 20000, 1, 41),
(8686, '2018-07-09 08:57:34', '2018-07-09 18:48:08', 20000, 1, 41),
(8687, '2018-07-10 08:57:41', '2018-07-10 18:42:20', 20000, 1, 41),
(8688, '2018-07-11 08:41:06', '2018-07-11 19:07:42', 20000, 1, 41),
(8689, '2018-07-12 08:42:09', '2018-07-12 19:11:24', 20000, 1, 41),
(8690, '2018-07-13 08:44:45', '2018-07-13 19:16:12', 20000, 1, 41),
(8691, '2018-07-14 08:51:22', '2018-07-14 17:20:35', 20000, 1, 41),
(8692, '2018-07-16 08:40:49', '2018-07-16 19:08:29', 10000, 1, 41),
(8693, '2018-07-17 08:40:29', '2018-07-17 19:34:05', 10000, 1, 41),
(8694, '2018-07-18 08:39:31', '2018-07-18 18:54:21', 10000, 1, 41),
(8695, '2018-07-19 08:44:38', '2018-07-19 21:41:06', 20000, 1, 41),
(8696, '2018-07-20 08:38:27', '2018-07-20 20:27:05', 10000, 1, 41),
(8697, '2018-07-21 08:35:19', '2018-07-21 14:04:20', 0, 1, 41),
(8698, '2018-07-23 09:15:33', '2018-07-23 19:30:26', 30000, 1, 41),
(8699, '2018-07-24 09:21:24', '2018-07-24 18:15:51', 40000, 1, 41),
(8700, '2018-07-25 09:05:49', '2018-07-25 19:11:02', 30000, 1, 41),
(8701, '2018-07-26 08:49:19', '2018-07-26 18:17:52', 20000, 1, 41),
(8702, '2018-07-27 08:46:36', '2018-07-27 18:09:28', 20000, 1, 41),
(8703, '2018-07-28 09:01:37', '2018-07-28 11:40:06', 30000, 1, 41),
(8704, '2018-07-30 08:43:33', NULL, 20000, 0, 41),
(8705, '2018-07-31 08:35:36', '2018-07-31 19:05:21', 0, 1, 41),
(8706, '2018-07-02 08:50:23', '2018-07-02 12:05:50', 20000, 1, 109),
(8707, '2018-07-03 08:34:59', '2018-07-03 12:02:20', 0, 1, 109),
(8708, '2018-07-04 08:47:58', '2018-07-04 12:06:14', 20000, 1, 109),
(8709, '2018-07-05 08:43:44', '2018-07-05 12:07:56', 20000, 1, 109),
(8710, '2018-07-06 08:27:41', '2018-07-06 12:15:19', 0, 1, 109),
(8711, '2018-07-07 08:44:31', '2018-07-07 12:10:57', 20000, 1, 109),
(8712, '2018-07-09 08:48:20', '2018-07-09 12:04:12', 20000, 1, 109),
(8713, '2018-07-10 13:37:30', '2018-07-10 18:09:22', 379167, 1, 109),
(8714, '2018-07-11 08:59:23', '2018-07-11 12:02:24', 20000, 1, 109),
(8715, '2018-07-12 08:42:12', '2018-07-12 12:02:36', 20000, 1, 109),
(8716, '2018-07-13 08:31:49', '2018-07-13 11:41:28', 0, 1, 109),
(8717, '2018-07-14 08:33:57', '2018-07-14 11:48:49', 0, 1, 109),
(8718, '2018-07-16 08:31:31', '2018-07-16 12:11:51', 0, 1, 109),
(8719, '2018-07-17 08:28:47', '2018-07-17 12:03:45', 0, 1, 109),
(8720, '2018-07-18 08:36:53', '2018-07-18 12:03:48', 10000, 1, 109),
(8721, '2018-07-19 08:29:46', '2018-07-19 12:03:13', 0, 1, 109),
(8722, '2018-07-20 08:39:50', '2018-07-20 12:07:49', 10000, 1, 109),
(8723, '2018-07-24 08:31:37', '2018-07-24 12:14:10', 0, 1, 109),
(8724, '2018-07-25 08:38:16', '2018-07-25 12:17:03', 10000, 1, 109),
(8725, '2018-07-26 08:42:24', '2018-07-26 12:07:10', 20000, 1, 109),
(8726, '2018-07-28 08:37:29', '2018-07-28 11:57:39', 10000, 1, 109),
(8727, '2018-07-30 08:51:38', '2018-07-30 12:05:56', 20000, 1, 109),
(8728, '2018-07-31 08:35:32', '2018-07-31 12:07:42', 0, 1, 109),
(8729, '2018-07-02 08:55:44', '2018-07-02 18:58:13', 20000, 1, 18),
(8730, '2018-07-03 09:09:54', '2018-07-03 18:42:47', 30000, 1, 18),
(8731, '2018-07-04 09:08:10', '2018-07-04 18:53:12', 30000, 1, 18),
(8732, '2018-07-05 08:56:31', '2018-07-05 17:58:25', 20000, 1, 18),
(8733, '2018-07-06 09:09:18', NULL, 30000, 0, 18),
(8734, '2018-07-07 09:11:57', '2018-07-07 14:46:09', 30000, 1, 18),
(8735, '2018-07-09 09:29:48', '2018-07-09 18:47:35', 40000, 1, 18),
(8736, '2018-07-10 08:51:20', NULL, 20000, 0, 18),
(8737, '2018-07-11 08:28:08', '2018-07-11 19:13:33', 0, 1, 18),
(8738, '2018-07-12 08:25:53', '2018-07-12 18:38:07', 0, 1, 18),
(8739, '2018-07-13 08:26:29', '2018-07-13 19:12:01', 0, 1, 18),
(8740, '2018-07-14 10:24:18', NULL, 350000, 0, 18),
(8741, '2018-07-16 08:33:50', '2018-07-16 19:02:08', 0, 1, 18),
(8742, '2018-07-17 08:46:25', '2018-07-17 19:02:10', 20000, 1, 18),
(8743, '2018-07-18 08:34:10', '2018-07-18 18:52:42', 0, 1, 18),
(8744, '2018-07-19 08:41:26', '2018-07-19 19:12:25', 20000, 1, 18),
(8745, '2018-07-20 09:02:37', '2018-07-20 18:28:59', 30000, 1, 18),
(8746, '2018-07-21 09:12:39', '2018-07-21 11:56:13', 30000, 1, 18),
(8747, '2018-07-24 08:45:56', '2018-07-24 18:00:17', 20000, 1, 18),
(8748, '2018-07-25 09:00:57', '2018-07-25 18:25:00', 20000, 1, 18),
(8749, '2018-07-26 08:48:03', '2018-07-26 20:12:05', 20000, 1, 18),
(8750, '2018-07-28 09:32:12', '2018-07-28 14:48:07', 350000, 1, 18),
(8751, '2018-07-30 08:37:11', NULL, 10000, 0, 18),
(8752, '2018-07-31 08:30:39', '2018-07-31 18:47:24', 0, 1, 18),
(8753, '2018-07-02 08:59:02', NULL, 20000, 0, 92),
(8754, '2018-07-03 08:19:56', '2018-07-03 19:46:56', 0, 1, 92),
(8755, '2018-07-04 08:32:52', '2018-07-04 19:08:00', 0, 1, 92),
(8756, '2018-07-05 07:11:54', '2018-07-05 18:45:01', 0, 1, 92),
(8757, '2018-07-06 08:58:19', '2018-07-06 20:10:25', 20000, 1, 92),
(8758, '2018-07-07 07:51:55', '2018-07-07 17:54:00', 0, 1, 92),
(8759, '2018-07-09 08:46:31', NULL, 20000, 0, 92),
(8760, '2018-07-10 08:55:34', '2018-07-10 18:07:48', 20000, 1, 92),
(8761, '2018-07-11 08:26:15', '2018-07-11 20:22:41', 0, 1, 92),
(8762, '2018-07-12 08:14:26', '2018-07-12 19:14:11', 0, 1, 92),
(8763, '2018-07-13 08:25:12', '2018-07-13 20:19:19', 0, 1, 92),
(8764, '2018-07-14 08:32:02', NULL, 0, 0, 92),
(8765, '2018-07-16 08:32:01', '2018-07-16 20:08:40', 0, 1, 92),
(8766, '2018-07-17 08:32:54', '2018-07-17 20:02:28', 0, 1, 92),
(8767, '2018-07-18 08:25:10', '2018-07-18 19:08:02', 0, 1, 92),
(8768, '2018-07-19 08:33:12', '2018-07-19 21:19:20', 0, 1, 92),
(8769, '2018-07-20 08:30:27', '2018-07-20 19:25:13', 0, 1, 92),
(8770, '2018-07-21 08:36:01', '2018-07-21 11:55:40', 10000, 1, 92),
(8771, '2018-07-23 08:31:37', '2018-07-23 18:44:04', 0, 1, 92),
(8772, '2018-07-24 08:31:40', '2018-07-24 18:31:02', 0, 1, 92),
(8773, '2018-07-25 08:25:11', '2018-07-25 18:28:38', 0, 1, 92),
(8774, '2018-07-26 08:16:16', '2018-07-26 20:31:54', 0, 1, 92),
(8775, '2018-07-27 08:31:02', '2018-07-27 18:29:30', 0, 1, 92),
(8776, '2018-07-28 08:37:50', '2018-07-28 12:00:01', 10000, 1, 92),
(8777, '2018-07-30 08:31:30', '2018-07-30 19:38:55', 0, 1, 92),
(8778, '2018-07-31 08:48:24', '2018-07-31 21:04:38', 20000, 1, 92),
(8779, '2018-07-02 09:00:12', NULL, 20000, 0, 51),
(8780, '2018-07-03 08:57:40', '2018-07-03 18:28:24', 20000, 1, 51),
(8781, '2018-07-04 08:53:05', '2018-07-04 18:54:17', 20000, 1, 51),
(8782, '2018-07-05 08:43:41', '2018-07-05 18:36:44', 20000, 1, 51),
(8783, '2018-07-06 08:54:04', '2018-07-06 19:06:38', 20000, 1, 51),
(8784, '2018-07-07 08:58:39', '2018-07-07 14:17:18', 20000, 1, 51),
(8785, NULL, '2018-07-09 11:59:21', 0, 2, 51),
(8786, '2018-07-10 08:45:21', '2018-07-10 19:02:37', 20000, 1, 51),
(8787, '2018-07-11 08:33:00', '2018-07-11 19:24:36', 0, 1, 51),
(8788, '2018-07-12 08:37:12', '2018-07-12 19:33:00', 10000, 1, 51),
(8789, '2018-07-13 08:46:51', '2018-07-13 18:42:43', 20000, 1, 51),
(8790, '2018-07-16 09:16:07', NULL, 40000, 0, 51),
(8791, '2018-07-17 08:32:24', '2018-07-17 19:47:13', 0, 1, 51),
(8792, '2018-07-18 09:58:35', '2018-07-18 18:39:50', 216667, 1, 51),
(8793, '2018-07-19 08:30:55', '2018-07-19 18:59:04', 0, 1, 51),
(8794, '2018-07-20 08:40:06', '2018-07-20 19:32:51', 10000, 1, 51),
(8795, '2018-07-21 08:55:53', '2018-07-21 15:46:39', 20000, 1, 51),
(8796, '2018-07-23 09:33:02', '2018-07-23 19:20:03', 216667, 1, 51),
(8797, '2018-07-24 08:42:26', '2018-07-24 18:33:44', 20000, 1, 51),
(8798, '2018-07-25 08:36:30', '2018-07-25 18:17:18', 10000, 1, 51),
(8799, '2018-07-26 08:46:04', '2018-07-26 18:17:43', 20000, 1, 51),
(8800, '2018-07-27 08:44:57', NULL, 20000, 0, 51),
(8801, '2018-07-30 08:37:47', '2018-07-30 20:06:04', 10000, 1, 51),
(8802, '2018-07-31 08:42:36', NULL, 20000, 0, 51),
(8803, '2018-07-02 09:05:55', '2018-07-02 18:17:48', 30000, 1, 104),
(8804, '2018-07-03 08:54:43', NULL, 20000, 0, 104),
(8805, '2018-07-04 09:00:32', '2018-07-04 18:23:54', 20000, 1, 104),
(8806, '2018-07-05 09:01:19', '2018-07-05 18:08:56', 30000, 1, 104),
(8807, '2018-07-06 09:05:16', '2018-07-06 18:00:59', 30000, 1, 104),
(8808, '2018-07-09 08:59:45', '2018-07-09 18:27:14', 20000, 1, 104),
(8809, '2018-07-10 09:06:31', '2018-07-10 18:17:19', 30000, 1, 104),
(8810, '2018-07-11 08:15:43', '2018-07-11 18:12:56', 0, 1, 104),
(8811, '2018-07-12 08:14:10', NULL, 0, 0, 104),
(8812, '2018-07-13 08:25:01', '2018-07-13 18:29:15', 0, 1, 104),
(8813, '2018-07-14 08:35:41', NULL, 0, 0, 104),
(8814, '2018-07-16 08:14:29', '2018-07-16 18:16:53', 0, 1, 104),
(8815, '2018-07-17 08:24:48', '2018-07-17 18:02:02', 0, 1, 104),
(8816, '2018-07-19 08:27:10', '2018-07-19 18:33:36', 0, 1, 104),
(8817, '2018-07-20 08:24:12', '2018-07-20 18:34:47', 0, 1, 104),
(8818, '2018-07-23 08:25:38', '2018-07-23 18:07:27', 0, 1, 104),
(8819, '2018-07-24 08:20:16', '2018-07-24 18:02:41', 0, 1, 104),
(8820, '2018-07-25 08:28:15', '2018-07-25 18:05:10', 0, 1, 104),
(8821, '2018-07-26 08:33:57', '2018-07-26 18:17:17', 0, 1, 104),
(8822, '2018-07-27 08:42:43', '2018-07-27 18:08:34', 20000, 1, 104),
(8823, '2018-07-30 08:32:21', '2018-07-30 18:21:19', 0, 1, 104),
(8824, '2018-07-31 08:44:02', NULL, 20000, 0, 104),
(8825, '2018-07-02 09:13:44', '2018-07-02 18:04:53', 30000, 1, 24),
(8826, '2018-07-03 08:28:14', '2018-07-03 19:02:38', 0, 1, 24),
(8827, '2018-07-04 08:21:19', '2018-07-04 18:17:18', 0, 1, 24),
(8828, '2018-07-05 08:18:04', '2018-07-05 18:08:06', 0, 1, 24),
(8829, '2018-07-06 08:19:00', '2018-07-06 18:43:52', 0, 1, 24),
(8830, '2018-07-09 09:26:42', '2018-07-09 18:12:56', 40000, 1, 24),
(8831, '2018-07-10 08:47:02', '2018-07-10 18:42:26', 20000, 1, 24),
(8832, '2018-07-11 08:28:40', '2018-07-11 18:11:52', 0, 1, 24),
(8833, '2018-07-12 08:19:18', '2018-07-12 18:13:12', 0, 1, 24),
(8834, '2018-07-13 08:22:52', '2018-07-13 18:05:28', 0, 1, 24),
(8835, '2018-07-14 08:11:26', '2018-07-14 12:06:57', 0, 1, 24),
(8836, '2018-07-16 08:38:57', '2018-07-16 18:21:28', 10000, 1, 24),
(8837, '2018-07-17 08:25:07', '2018-07-17 18:08:09', 0, 1, 24),
(8838, '2018-07-18 08:37:04', '2018-07-18 18:02:29', 10000, 1, 24),
(8839, '2018-07-20 08:27:17', '2018-07-20 18:15:13', 0, 1, 24),
(8840, '2018-07-21 08:40:31', '2018-07-21 15:11:20', 10000, 1, 24),
(8841, '2018-07-23 08:28:03', '2018-07-23 17:17:45', 0, 1, 24),
(8842, '2018-07-24 08:39:48', '2018-07-24 19:00:06', 10000, 1, 24),
(8843, '2018-07-25 08:29:56', '2018-07-25 18:01:54', 0, 1, 24),
(8844, '2018-07-26 08:42:27', '2018-07-26 18:14:28', 20000, 1, 24),
(8845, NULL, '2018-07-27 18:11:25', 0, 2, 24),
(8846, '2018-07-28 08:39:02', '2018-07-28 11:52:06', 10000, 1, 24),
(8847, '2018-07-30 08:30:11', '2018-07-30 18:08:49', 0, 1, 24),
(8848, '2018-07-31 08:29:00', '2018-07-31 18:19:23', 0, 1, 24),
(8849, '2018-07-02 13:19:31', '2018-07-02 19:25:52', 279167, 1, 95),
(8850, '2018-07-03 17:21:23', '2018-07-03 19:05:58', 279167, 1, 95),
(8851, '2018-07-04 08:19:02', '2018-07-04 20:26:20', 0, 1, 95),
(8852, '2018-07-05 08:41:57', '2018-07-05 18:44:23', 20000, 1, 95),
(8853, '2018-07-06 13:48:38', '2018-07-06 19:02:06', 279167, 1, 95),
(8854, '2018-07-07 09:10:34', '2018-07-07 19:45:35', 30000, 1, 95),
(8855, '2018-07-08 09:50:20', '2018-07-08 14:36:17', 279167, 1, 95),
(8856, '2018-07-09 13:28:18', '2018-07-09 18:52:40', 279167, 1, 95),
(8857, '2018-07-10 08:53:26', '2018-07-10 19:02:42', 20000, 1, 95),
(8858, '2018-07-11 08:30:43', '2018-07-11 18:16:41', 0, 1, 95),
(8859, '2018-07-12 08:24:12', '2018-07-12 17:19:48', 0, 1, 95),
(8860, '2018-07-13 08:39:12', '2018-07-13 19:15:52', 10000, 1, 95),
(8861, '2018-07-16 08:44:26', '2018-07-16 18:23:21', 20000, 1, 95),
(8862, '2018-07-17 08:32:23', '2018-07-17 18:24:03', 0, 1, 95),
(8863, '2018-07-18 08:24:53', '2018-07-18 19:24:30', 0, 1, 95),
(8864, '2018-07-19 08:35:46', '2018-07-19 14:46:17', 0, 1, 95),
(8865, '2018-07-23 08:24:18', '2018-07-23 18:30:04', 0, 1, 95),
(8866, '2018-07-25 08:38:57', '2018-07-25 18:23:41', 10000, 1, 95),
(8867, '2018-07-26 08:41:27', '2018-07-26 17:28:00', 20000, 1, 95),
(8868, '2018-07-27 08:42:48', '2018-07-27 18:20:43', 20000, 1, 95),
(8869, '2018-07-28 08:38:58', '2018-07-28 11:44:45', 10000, 1, 95),
(8870, '2018-07-30 08:42:12', '2018-07-30 18:16:56', 20000, 1, 95),
(8871, '2018-07-31 08:48:33', '2018-07-31 18:23:09', 20000, 1, 95),
(8872, '2018-07-02 14:02:07', '2018-07-02 18:13:10', 225000, 1, 3),
(8873, '2018-07-03 08:15:55', '2018-07-03 18:40:13', 0, 1, 3),
(8874, '2018-07-04 09:14:23', '2018-07-04 19:47:55', 30000, 1, 3),
(8875, '2018-07-05 08:08:41', '2018-07-05 17:44:32', 0, 1, 3),
(8876, '2018-07-06 13:43:32', NULL, 225000, 0, 3),
(8877, '2018-07-09 09:27:20', NULL, 40000, 0, 3),
(8878, '2018-07-10 09:06:29', '2018-07-10 18:11:36', 30000, 1, 3),
(8879, '2018-07-11 08:20:41', '2018-07-11 18:12:42', 0, 1, 3),
(8880, '2018-07-12 08:08:44', '2018-07-12 19:03:18', 0, 1, 3),
(8881, NULL, '2018-07-13 18:24:18', 0, 2, 3),
(8882, '2018-07-16 08:38:51', '2018-07-16 18:41:20', 10000, 1, 3),
(8883, '2018-07-17 10:24:20', '2018-07-17 18:01:55', 225000, 1, 3),
(8884, '2018-07-18 08:43:12', '2018-07-18 19:23:06', 20000, 1, 3),
(8885, '2018-07-19 08:18:37', '2018-07-19 18:36:26', 0, 1, 3),
(8886, '2018-07-20 08:28:57', '2018-07-20 18:29:41', 0, 1, 3),
(8887, '2018-07-23 09:25:57', '2018-07-23 19:20:28', 40000, 1, 3),
(8888, '2018-07-24 08:24:24', '2018-07-24 18:18:49', 0, 1, 3),
(8889, NULL, '2018-07-25 16:55:16', 0, 2, 3),
(8890, '2018-07-26 08:14:18', '2018-07-26 18:03:31', 0, 1, 3),
(8891, '2018-07-27 08:17:32', '2018-07-27 19:00:47', 0, 1, 3),
(8892, '2018-07-28 09:37:06', NULL, 225000, 0, 3),
(8893, '2018-07-30 08:33:51', '2018-07-30 18:24:26', 0, 1, 3),
(8894, '2018-07-31 08:05:40', '2018-07-31 19:52:52', 0, 1, 3),
(8895, '2018-07-03 19:03:19', '2018-07-03 19:03:21', 210417, 1, 67),
(8896, '2018-07-06 12:06:09', '2018-07-06 12:06:10', 210417, 1, 67),
(8897, '2018-07-16 08:25:53', '2018-07-16 21:27:06', 0, 1, 67),
(8898, '2018-07-17 08:46:36', NULL, 20000, 0, 67),
(8899, '2018-07-19 08:55:30', '2018-07-19 21:47:47', 20000, 1, 67),
(8900, NULL, '2018-07-20 19:09:23', 0, 2, 67),
(8901, '2018-07-21 09:03:14', NULL, 30000, 0, 67),
(8902, '2018-07-23 11:30:43', '2018-07-23 19:20:23', 210417, 1, 67),
(8903, '2018-07-24 14:23:28', NULL, 210417, 0, 67),
(8904, '2018-07-25 20:02:24', '2018-07-25 20:02:26', 210417, 1, 67),
(8905, '2018-07-30 08:33:55', '2018-07-30 08:33:57', 0, 1, 67),
(8906, '2018-07-04 08:45:50', '2018-07-04 19:27:57', 20000, 1, 28),
(8907, '2018-07-05 09:37:04', NULL, 156250, 0, 28),
(8908, '2018-07-09 08:47:11', NULL, 20000, 0, 28),
(8909, NULL, '2018-07-11 19:35:34', 0, 2, 28),
(8910, NULL, '2018-07-17 18:30:37', 0, 2, 28),
(8911, '2018-07-18 08:37:10', '2018-07-18 18:31:10', 10000, 1, 28),
(8912, '2018-07-19 08:29:57', NULL, 0, 0, 28),
(8913, NULL, '2018-07-23 19:10:59', 0, 2, 28),
(8914, NULL, '2018-07-25 18:36:21', 0, 2, 28),
(8915, NULL, '2018-07-26 19:33:34', 0, 2, 28),
(8916, NULL, '2018-07-27 18:37:24', 0, 2, 28),
(8917, NULL, '2018-07-30 21:07:38', 0, 2, 28),
(8918, NULL, '2018-07-31 20:41:39', 0, 2, 28),
(8919, NULL, '2018-07-04 18:39:34', 0, 2, 25),
(8920, '2018-07-05 07:56:23', '2018-07-05 18:46:17', 0, 1, 25),
(8921, '2018-07-06 07:43:08', NULL, 0, 0, 25),
(8922, '2018-07-07 08:07:45', '2018-07-07 12:48:35', 0, 1, 25),
(8923, '2018-07-09 08:16:57', '2018-07-09 18:46:17', 0, 1, 25),
(8924, '2018-07-10 08:05:49', '2018-07-10 20:07:40', 0, 1, 25),
(8925, '2018-07-11 08:15:37', '2018-07-11 19:20:53', 0, 1, 25),
(8926, '2018-07-12 08:25:49', '2018-07-12 18:54:37', 0, 1, 25),
(8927, '2018-07-13 08:08:35', '2018-07-13 19:44:09', 0, 1, 25),
(8928, '2018-07-14 08:26:06', '2018-07-14 12:05:34', 0, 1, 25),
(8929, '2018-07-16 08:02:40', '2018-07-16 18:30:41', 0, 1, 25),
(8930, '2018-07-17 08:00:22', '2018-07-17 20:02:52', 0, 1, 25),
(8931, '2018-07-18 08:19:07', '2018-07-18 20:16:13', 0, 1, 25),
(8932, '2018-07-19 08:06:15', '2018-07-19 18:21:51', 0, 1, 25),
(8933, '2018-07-20 08:25:38', '2018-07-20 18:30:12', 0, 1, 25),
(8934, '2018-07-21 08:23:24', '2018-07-21 11:58:26', 0, 1, 25),
(8935, '2018-07-23 08:15:46', '2018-07-23 18:26:28', 0, 1, 25),
(8936, '2018-07-24 08:00:30', '2018-07-24 20:11:17', 0, 1, 25),
(8937, '2018-07-25 08:13:01', '2018-07-25 18:22:03', 0, 1, 25),
(8938, '2018-07-26 08:17:17', '2018-07-26 18:30:07', 0, 1, 25),
(8939, '2018-07-27 08:21:24', '2018-07-27 19:29:30', 0, 1, 25),
(8940, '2018-07-28 08:16:25', '2018-07-28 12:03:33', 0, 1, 25),
(8941, '2018-07-30 08:18:08', '2018-07-30 18:30:13', 0, 1, 25),
(8942, '2018-07-31 08:13:24', '2018-07-31 20:02:25', 0, 1, 25),
(8943, '2018-07-04 18:42:49', '2018-07-04 18:42:53', 245833, 1, 29),
(8944, '2018-07-05 07:51:10', '2018-07-05 18:52:18', 0, 1, 29),
(8945, '2018-07-06 07:54:14', '2018-07-06 18:59:08', 0, 1, 29),
(8946, '2018-07-09 08:01:32', '2018-07-09 18:46:19', 0, 1, 29),
(8947, '2018-07-10 08:08:52', '2018-07-10 18:56:03', 0, 1, 29),
(8948, '2018-07-11 07:56:17', '2018-07-11 18:12:21', 0, 1, 29),
(8949, '2018-07-12 08:07:12', '2018-07-12 19:21:04', 0, 1, 29),
(8950, '2018-07-13 07:41:35', '2018-07-13 18:59:55', 0, 1, 29),
(8951, '2018-07-14 08:23:27', '2018-07-14 11:47:38', 0, 1, 29),
(8952, '2018-07-16 08:25:15', '2018-07-16 19:22:05', 0, 1, 29),
(8953, '2018-07-17 07:54:20', '2018-07-17 19:37:19', 0, 1, 29),
(8954, '2018-07-18 07:57:06', '2018-07-18 19:30:24', 0, 1, 29),
(8955, '2018-07-19 08:18:33', '2018-07-19 19:31:13', 0, 1, 29),
(8956, '2018-07-20 08:24:16', '2018-07-20 18:44:19', 0, 1, 29),
(8957, '2018-07-23 08:10:52', '2018-07-23 18:48:14', 0, 1, 29),
(8958, '2018-07-24 07:34:20', '2018-07-24 19:21:14', 0, 1, 29),
(8959, '2018-07-25 07:53:39', '2018-07-25 19:17:15', 0, 1, 29),
(8960, '2018-07-26 07:59:02', '2018-07-26 19:34:12', 0, 1, 29),
(8961, '2018-07-27 08:24:23', '2018-07-27 19:38:07', 0, 1, 29),
(8962, '2018-07-28 08:10:23', '2018-07-28 12:04:57', 0, 1, 29),
(8963, '2018-07-30 07:56:10', '2018-07-30 20:00:16', 0, 1, 29),
(8964, '2018-07-31 07:42:19', '2018-07-31 19:54:26', 0, 1, 29),
(8965, '2018-07-12 08:52:19', NULL, 20000, 0, 34),
(8966, '2018-07-13 08:22:58', NULL, 0, 0, 34),
(8967, '2018-07-19 08:18:41', NULL, 0, 0, 34),
(8968, '2018-07-20 08:24:21', NULL, 0, 0, 34),
(8969, '2018-07-18 09:55:20', NULL, 185417, 0, 35),
(8970, '2018-07-19 08:28:01', '2018-07-19 18:07:43', 0, 1, 35),
(8971, '2018-07-24 08:31:30', '2018-07-24 18:05:29', 0, 1, 35),
(8972, '2018-07-25 08:13:54', '2018-07-25 18:20:15', 0, 1, 35),
(8973, '2018-07-26 08:59:06', NULL, 20000, 0, 35),
(8974, '2018-07-30 08:45:23', '2018-07-30 18:15:16', 20000, 1, 38),
(8975, '2018-07-31 08:13:44', NULL, 0, 0, 38),
(8976, '2018-07-30 08:50:04', '2018-07-30 18:21:59', 20000, 1, 42),
(8977, '2018-07-31 08:28:44', '2018-07-31 18:08:05', 0, 1, 42);

-- --------------------------------------------------------

--
-- Cấu trúc bảng cho bảng `user`
--

CREATE TABLE `user` (
  `id` int(11) NOT NULL,
  `password` varchar(255) DEFAULT NULL,
  `fullname` varchar(255) DEFAULT NULL,
  `email` varchar(255) NOT NULL,
  `phone` varchar(11) DEFAULT NULL,
  `gender` tinyint(1) DEFAULT NULL,
  `birthday` date DEFAULT NULL,
  `address` text,
  `image` varchar(255) NOT NULL,
  `role` int(11) NOT NULL,
  `id_team` int(11) DEFAULT NULL,
  `access_id` text
) ENGINE=InnoDB DEFAULT CHARSET=utf8;

--
-- Đang đổ dữ liệu cho bảng `user`
--

INSERT INTO `user` (`id`, `password`, `fullname`, `email`, `phone`, `gender`, `birthday`, `address`, `image`, `role`, `id_team`, `access_id`) VALUES
(1, 'e10adc3949ba59abbe56e057f20f883e', 'Pham Van Tuan', 'tuansacca@gmail.com', NULL, 1, '1970-01-01', '', '51.jpg', 3, 1, NULL),
(3, 'e10adc3949ba59abbe56e057f20f883e', 'Nguyễn Đức Phú', 'nguyenducphu@gmail.com', NULL, 1, NULL, NULL, 'photo.jpg', 1, 1, '{\"Mozilla\\/5.0 (Windows NT 10.0; Win64; x64) AppleWebKit\\/537.36 (KHTML, like Gecko) Chrome\\/73.0.3683.103 Safari\\/537.36\":\"ai0rhnp46crogbmu76gnqhfr9r1fab85\"}'),
(4, 'e10adc3949ba59abbe56e057f20f883e', 'Nguyễn Bá Quang', 'nguyenbaquang@gmail.com', NULL, 1, NULL, NULL, 'photo.jpg', 1, 1, '{\"Mozilla\\/5.0 (Windows NT 10.0; Win64; x64) AppleWebKit\\/537.36 (KHTML, like Gecko) Chrome\\/73.0.3683.103 Safari\\/537.36\":\"7np7udjkch8eh6qup2ug65bsfk1ii6rf\"}'),
(7, 'e10adc3949ba59abbe56e057f20f883e', '﻿Trần Kim Cảnh', 'trankimcanh@gmail.com', NULL, 1, NULL, NULL, 'photo.jpg', 1, 8, NULL),
(8, 'e10adc3949ba59abbe56e057f20f883e', 'Cao Văn Long', 'caovanlong@gmail.com', NULL, 1, NULL, NULL, 'photo.jpg', 1, 1, NULL),
(9, 'e10adc3949ba59abbe56e057f20f883e', 'Nghiêm Minh Hoàng', 'nghiemminhhoang@gmail.com', NULL, 1, NULL, NULL, 'photo.jpg', 1, NULL, '{\"Mozilla\\/5.0 (Windows NT 10.0; Win64; x64) AppleWebKit\\/537.36 (KHTML, like Gecko) Chrome\\/73.0.3683.86 Safari\\/537.36\":\"ocp3eh1r4f5kelp8op31q90lugsris0i\",\"Mozilla\\/5.0 (Windows NT 10.0; Win64; x64) AppleWebKit\\/537.36 (KHTML, like Gecko) Chrome\\/73.0.3683.103 Safari\\/537.36\":\"ieouqlu0ii67mu4qmqna0vke5tgeg77q\"}'),
(10, 'e10adc3949ba59abbe56e057f20f883e', 'Phạm Tuấn Anh', 'phamtuananh@gmail.com', NULL, 1, NULL, NULL, 'photo.jpg', 1, NULL, NULL),
(11, 'e10adc3949ba59abbe56e057f20f883e', 'Đỗ Vũ Hoàng Anh', 'dovuhoanganh@gmail.com', NULL, 1, NULL, NULL, 'photo.jpg', 1, NULL, NULL),
(12, 'e10adc3949ba59abbe56e057f20f883e', 'Lê Đức Anh', 'leducanh@gmail.com', NULL, 1, NULL, NULL, 'photo.jpg', 1, NULL, NULL),
(13, 'e10adc3949ba59abbe56e057f20f883e', 'Nguyễn Thành An', 'nguyenthanhan@gmail.com', NULL, 1, NULL, NULL, 'photo.jpg', 1, NULL, NULL),
(16, 'e10adc3949ba59abbe56e057f20f883e', 'Đỗ Đức Thành', 'doducthanh@gmail.com', NULL, 1, NULL, NULL, 'photo.jpg', 1, NULL, NULL),
(18, 'e10adc3949ba59abbe56e057f20f883e', 'Lê Văn Bảo Khánh', 'levanbaokhanh@gmail.com', NULL, 1, NULL, NULL, 'photo.jpg', 1, NULL, NULL),
(20, 'e10adc3949ba59abbe56e057f20f883e', 'unknow2', 'unknow2@gmail.com', NULL, 1, NULL, NULL, 'photo.jpg', 1, NULL, NULL),
(22, 'e10adc3949ba59abbe56e057f20f883e', 'unknow', 'unknow@gmail.com', NULL, 1, NULL, NULL, 'photo.jpg', 1, NULL, NULL),
(24, 'e10adc3949ba59abbe56e057f20f883e', 'Nguyễn Đức Long', 'nguyenduclong@gmail.com', NULL, 1, NULL, NULL, 'photo.jpg', 1, NULL, NULL),
(25, 'e10adc3949ba59abbe56e057f20f883e', 'Vũ Đức Anh', 'vuducanh@gmail.com', NULL, 1, NULL, NULL, 'photo.jpg', 1, NULL, NULL),
(26, 'e10adc3949ba59abbe56e057f20f883e', 'Nguyễn Văn Minh', 'nguyenvanminh@gmail.com', NULL, 1, NULL, NULL, 'photo.jpg', 1, NULL, NULL),
(28, 'e10adc3949ba59abbe56e057f20f883e', 'Hà Văn Cao', 'havancao@gmail.com', NULL, 1, NULL, NULL, 'photo.jpg', 1, NULL, NULL),
(29, 'e10adc3949ba59abbe56e057f20f883e', 'Hoàng Văn Hùng', 'hoangvanhung@gmail.com', NULL, 1, NULL, NULL, 'photo.jpg', 1, NULL, NULL),
(32, 'e10adc3949ba59abbe56e057f20f883e', 'Nguyễn Phương Thúy', 'nguyenphuongthuy@gmail.com', NULL, 1, NULL, NULL, 'photo.jpg', 1, NULL, NULL),
(33, 'e10adc3949ba59abbe56e057f20f883e', 'Phạm Sỹ Hưng', 'phamsyhung@gmail.com', NULL, 1, NULL, NULL, 'photo.jpg', 1, NULL, NULL),
(34, 'e10adc3949ba59abbe56e057f20f883e', 'Hoàng Thị Thoa', 'hoangthithoa@gmail.com', NULL, 1, NULL, NULL, 'photo.jpg', 1, NULL, NULL),
(35, 'e10adc3949ba59abbe56e057f20f883e', 'Nguyễn Anh Tuấn', 'nguyenanhtuan@gmail.com', NULL, 1, NULL, NULL, 'photo.jpg', 1, NULL, NULL),
(36, 'e10adc3949ba59abbe56e057f20f883e', 'Đỗ Thành Trung', 'dothanhtrung@gmail.com', NULL, 1, NULL, NULL, 'photo.jpg', 1, NULL, NULL),
(37, 'e10adc3949ba59abbe56e057f20f883e', 'Nguyễn Văn Trọng', 'nguyenvantrong@gmail.com', NULL, 1, NULL, NULL, 'photo.jpg', 1, NULL, NULL),
(38, 'e10adc3949ba59abbe56e057f20f883e', 'Nguyễn Bá Huy', 'nguyenbahuy@gmail.com', NULL, 1, NULL, NULL, 'photo.jpg', 1, NULL, NULL),
(41, 'e10adc3949ba59abbe56e057f20f883e', 'Ngô Quang Hiếu', 'ngoquanghieu@gmail.com', NULL, 1, NULL, NULL, 'photo.jpg', 1, NULL, NULL),
(42, 'e10adc3949ba59abbe56e057f20f883e', 'Nguyễn Văn Tuấn', 'nguyenvantuan@gmail.com', NULL, 1, NULL, NULL, 'photo.jpg', 1, NULL, NULL),
(43, 'e10adc3949ba59abbe56e057f20f883e', 'Vũ Thị Thu Hiền', 'vuthithuhien@gmail.com', NULL, 1, NULL, NULL, 'photo.jpg', 1, NULL, NULL),
(44, 'e10adc3949ba59abbe56e057f20f883e', 'Nguyễn Tiến Công', 'nguyentiencong@gmail.com', NULL, 1, NULL, NULL, 'photo.jpg', 1, NULL, NULL),
(46, 'e10adc3949ba59abbe56e057f20f883e', 'Phùng Thị Khánh Quỳnh', 'phungthikhanhquynh@gmail.com', NULL, 1, NULL, NULL, 'photo.jpg', 1, NULL, NULL),
(47, 'e10adc3949ba59abbe56e057f20f883e', 'Phạm Như Quỳnh', 'phamnhuquynh@gmail.com', NULL, 1, NULL, NULL, 'photo.jpg', 1, NULL, NULL),
(51, 'e10adc3949ba59abbe56e057f20f883e', 'Giang Thị Thu Huyền', 'giangthithuhuyen@gmail.com', NULL, 1, NULL, NULL, 'photo.jpg', 1, NULL, NULL),
(52, 'e10adc3949ba59abbe56e057f20f883e', 'Lương Minh Thiệu', 'luongminhthieu@gmail.com', NULL, 1, NULL, NULL, 'photo.jpg', 1, NULL, NULL),
(57, 'e10adc3949ba59abbe56e057f20f883e', 'Cao Văn Phú', 'caovanphu@gmail.com', NULL, 1, NULL, NULL, 'photo.jpg', 1, NULL, NULL),
(58, 'e10adc3949ba59abbe56e057f20f883e', 'Hoàng Thanh Long', 'hoangthanhlong@gmail.com', NULL, 1, NULL, NULL, 'photo.jpg', 1, NULL, NULL),
(59, 'e10adc3949ba59abbe56e057f20f883e', 'Nguyễn Khắc Việt', 'nguyenkhacviet@gmail.com', NULL, 1, NULL, NULL, 'photo.jpg', 1, NULL, NULL),
(67, 'e10adc3949ba59abbe56e057f20f883e', 'Bùi Đức Mạnh', 'buiducmanh@gmail.com', NULL, 1, NULL, NULL, 'photo.jpg', 1, NULL, NULL),
(71, 'e10adc3949ba59abbe56e057f20f883e', 'Nguyễn Quỳnh Mai', 'nguyenquynhmai@gmail.com', NULL, 1, NULL, NULL, 'photo.jpg', 1, NULL, NULL),
(76, 'e10adc3949ba59abbe56e057f20f883e', 'Phạm Ngọc Hải', 'phamngochai@gmail.com', NULL, 1, NULL, NULL, 'photo.jpg', 1, NULL, NULL),
(77, 'e10adc3949ba59abbe56e057f20f883e', 'Nguyễn Thị Thu Trang', 'nguyenthithutrang@gmail.com', NULL, 1, NULL, NULL, 'photo.jpg', 1, NULL, NULL),
(78, 'e10adc3949ba59abbe56e057f20f883e', 'Nguyễn Thị Minh Ngọc', 'nguyenthiminhngoc@gmail.com', NULL, 1, NULL, NULL, 'photo.jpg', 1, NULL, NULL),
(81, 'e10adc3949ba59abbe56e057f20f883e', 'Nguyễn Khắc Tư', 'nguyenkhactu@gmail.com', NULL, 1, NULL, NULL, 'photo.jpg', 1, NULL, NULL),
(82, 'e10adc3949ba59abbe56e057f20f883e', 'Lê Tiến Hòa', 'letienhoa@gmail.com', NULL, 1, NULL, NULL, 'photo.jpg', 1, NULL, NULL),
(83, 'e10adc3949ba59abbe56e057f20f883e', 'Lương Hương Ly', 'luonghuongly@gmail.com', NULL, 1, NULL, NULL, 'photo.jpg', 1, NULL, NULL),
(84, 'e10adc3949ba59abbe56e057f20f883e', 'Phan Thùy Dung', 'phanthuydung@gmail.com', NULL, 1, NULL, NULL, 'photo.jpg', 1, NULL, NULL),
(87, 'e10adc3949ba59abbe56e057f20f883e', 'Lê Bá Nam', 'lebanam@gmail.com', NULL, 1, NULL, NULL, 'photo.jpg', 1, NULL, NULL),
(89, 'e10adc3949ba59abbe56e057f20f883e', 'Nguyễn Nhật Long', 'nguyennhatlong@gmail.com', NULL, 1, NULL, NULL, 'photo.jpg', 1, NULL, NULL),
(90, 'e10adc3949ba59abbe56e057f20f883e', 'Phạm Trung Nguyên', 'phamtrungnguyen@gmail.com', NULL, 1, NULL, NULL, 'photo.jpg', 1, NULL, NULL),
(92, 'e10adc3949ba59abbe56e057f20f883e', 'Nguyễn Thị Mai', 'nguyenthimai@gmail.com', NULL, 1, NULL, NULL, 'photo.jpg', 1, NULL, NULL),
(93, 'e10adc3949ba59abbe56e057f20f883e', 'Diệp Phương Linh', 'diepphuonglinh@gmail.com', NULL, 1, NULL, NULL, 'photo.jpg', 1, NULL, NULL),
(95, 'e10adc3949ba59abbe56e057f20f883e', 'Trần Duy Long', 'tranduylong@gmail.com', NULL, 1, NULL, NULL, 'photo.jpg', 1, NULL, NULL),
(96, 'e10adc3949ba59abbe56e057f20f883e', 'Lê Vũ Việt Anh', 'levuvietanh@gmail.com', NULL, 1, NULL, NULL, 'photo.jpg', 1, NULL, NULL),
(99, 'e10adc3949ba59abbe56e057f20f883e', 'Nguyễn Hoàng Linh', 'nguyenhoanglinh@gmail.com', NULL, 1, NULL, NULL, 'photo.jpg', 1, NULL, NULL),
(101, 'e10adc3949ba59abbe56e057f20f883e', 'An Mạnh Công', 'anmanhcong@gmail.com', NULL, 1, NULL, NULL, 'photo.jpg', 1, NULL, NULL),
(102, 'e10adc3949ba59abbe56e057f20f883e', 'Nguyễn Thu Hương', 'nguyenthuhuong@gmail.com', NULL, 1, NULL, NULL, 'photo.jpg', 1, NULL, NULL),
(103, 'e10adc3949ba59abbe56e057f20f883e', 'Phù Thị Linh Hương', 'phuthilinhhuong@gmail.com', NULL, 1, NULL, NULL, 'photo.jpg', 1, NULL, NULL),
(104, 'e10adc3949ba59abbe56e057f20f883e', 'Phạm Văn Tuân', 'phamvantuan@gmail.com', NULL, 1, NULL, NULL, 'photo.jpg', 1, NULL, NULL),
(108, 'e10adc3949ba59abbe56e057f20f883e', 'Lương Thị Ánh', 'luongthianh@gmail.com', '', 1, '1970-01-01', '', 'photo.jpg', 2, NULL, '{\"Mozilla\\/5.0 (Windows NT 10.0; Win64; x64) AppleWebKit\\/537.36 (KHTML, like Gecko) Chrome\\/73.0.3683.103 Safari\\/537.36\":\"0ek6buab6ilm4dujmoorpv2sac8rpm1q\"}'),
(109, 'e10adc3949ba59abbe56e057f20f883e', 'Lê Thị Hòa', 'lethihoa@gmail.com', NULL, 1, NULL, NULL, 'photo.jpg', 1, NULL, NULL),
(110, 'e10adc3949ba59abbe56e057f20f883e', 'Lê Ngọc Hoàn', 'lengochoan@gmail.com', NULL, 1, NULL, NULL, 'photo.jpg', 1, NULL, NULL),
(111, 'e10adc3949ba59abbe56e057f20f883e', 'Nguyễn Thị Phương Anh', 'nguyenthiphuonganh@gmail.com', NULL, 1, NULL, NULL, 'photo.jpg', 1, NULL, NULL),
(112, 'e10adc3949ba59abbe56e057f20f883e', 'Nguyễn Đăng Khánh', 'nguyendangkhanh@gmail.com', '', 1, '2019-04-23', '', 'photo.jpg', 1, NULL, NULL),
(114, NULL, 'Dương Đức', 'hana@gmail.com', '', 1, '1970-01-01', '', '5.jpg', 2, 1, NULL);

-- --------------------------------------------------------

--
-- Cấu trúc bảng cho bảng `vacation`
--

CREATE TABLE `vacation` (
  `id` int(11) NOT NULL,
  `reason` text NOT NULL,
  `day_number` float NOT NULL,
  `date_from` datetime NOT NULL,
  `date_to` datetime NOT NULL,
  `date_submit` date NOT NULL,
  `approver` int(11) NOT NULL,
  `handover_id` int(11) DEFAULT NULL,
  `handover_work` text,
  `status` int(1) NOT NULL,
  `id_user` int(11) NOT NULL
) ENGINE=InnoDB DEFAULT CHARSET=utf8;

--
-- Đang đổ dữ liệu cho bảng `vacation`
--

INSERT INTO `vacation` (`id`, `reason`, `day_number`, `date_from`, `date_to`, `date_submit`, `approver`, `handover_id`, `handover_work`, `status`, `id_user`) VALUES
(11, 'Nghỉ ốm', 0.5, '2019-04-08 08:30:00', '2019-04-08 12:00:00', '2019-04-06', 1, 22, 'Fix bug giúp mình nhé.', 0, 9),
(12, 'Bị ốm.', 1, '2019-04-09 08:30:00', '2019-04-09 18:00:00', '2019-04-06', 3, 8, 'Fix bug giúp mình nhé.', 0, 4),
(13, 'Bị bệnh phải nằm viện.', 1.5, '2019-04-10 08:30:00', '2019-04-11 12:00:00', '2019-04-06', 3, 114, 'Làm giúp mình nhé.', 0, 4);

--
-- Chỉ mục cho các bảng đã đổ
--

--
-- Chỉ mục cho bảng `ci_sessions`
--
ALTER TABLE `ci_sessions`
  ADD PRIMARY KEY (`id`),
  ADD KEY `ci_sessions_timestamp` (`timestamp`);

--
-- Chỉ mục cho bảng `deduction`
--
ALTER TABLE `deduction`
  ADD PRIMARY KEY (`id`);

--
-- Chỉ mục cho bảng `department`
--
ALTER TABLE `department`
  ADD PRIMARY KEY (`id`),
  ADD UNIQUE KEY `name` (`name`);

--
-- Chỉ mục cho bảng `explanation`
--
ALTER TABLE `explanation`
  ADD PRIMARY KEY (`id`),
  ADD KEY `id_user` (`id_user`);

--
-- Chỉ mục cho bảng `salary`
--
ALTER TABLE `salary`
  ADD PRIMARY KEY (`id`),
  ADD KEY `salary_ibfk_1` (`id_user`);

--
-- Chỉ mục cho bảng `team`
--
ALTER TABLE `team`
  ADD PRIMARY KEY (`id`),
  ADD UNIQUE KEY `name` (`name`),
  ADD KEY `team_ibfk_1` (`id_department`);

--
-- Chỉ mục cho bảng `timekeeping`
--
ALTER TABLE `timekeeping`
  ADD PRIMARY KEY (`id`),
  ADD KEY `timekeeping_ibfk_1` (`id_user`);

--
-- Chỉ mục cho bảng `user`
--
ALTER TABLE `user`
  ADD PRIMARY KEY (`id`),
  ADD UNIQUE KEY `email` (`email`),
  ADD KEY `user_ibfk_1` (`id_team`);

--
-- Chỉ mục cho bảng `vacation`
--
ALTER TABLE `vacation`
  ADD PRIMARY KEY (`id`),
  ADD KEY `vacation_ibfk_1` (`id_user`);

--
-- AUTO_INCREMENT cho các bảng đã đổ
--

--
-- AUTO_INCREMENT cho bảng `deduction`
--
ALTER TABLE `deduction`
  MODIFY `id` int(11) NOT NULL AUTO_INCREMENT, AUTO_INCREMENT=10;

--
-- AUTO_INCREMENT cho bảng `department`
--
ALTER TABLE `department`
  MODIFY `id` int(11) NOT NULL AUTO_INCREMENT, AUTO_INCREMENT=14;

--
-- AUTO_INCREMENT cho bảng `explanation`
--
ALTER TABLE `explanation`
  MODIFY `id` int(11) NOT NULL AUTO_INCREMENT, AUTO_INCREMENT=24;

--
-- AUTO_INCREMENT cho bảng `salary`
--
ALTER TABLE `salary`
  MODIFY `id` int(11) NOT NULL AUTO_INCREMENT, AUTO_INCREMENT=63;

--
-- AUTO_INCREMENT cho bảng `team`
--
ALTER TABLE `team`
  MODIFY `id` int(11) NOT NULL AUTO_INCREMENT, AUTO_INCREMENT=18;

--
-- AUTO_INCREMENT cho bảng `timekeeping`
--
ALTER TABLE `timekeeping`
  MODIFY `id` int(11) NOT NULL AUTO_INCREMENT, AUTO_INCREMENT=8978;

--
-- AUTO_INCREMENT cho bảng `user`
--
ALTER TABLE `user`
  MODIFY `id` int(11) NOT NULL AUTO_INCREMENT, AUTO_INCREMENT=115;

--
-- AUTO_INCREMENT cho bảng `vacation`
--
ALTER TABLE `vacation`
  MODIFY `id` int(11) NOT NULL AUTO_INCREMENT, AUTO_INCREMENT=14;

--
-- Các ràng buộc cho các bảng đã đổ
--

--
-- Các ràng buộc cho bảng `explanation`
--
ALTER TABLE `explanation`
  ADD CONSTRAINT `explanation_ibfk_1` FOREIGN KEY (`id_user`) REFERENCES `user` (`id`) ON DELETE CASCADE ON UPDATE CASCADE;

--
-- Các ràng buộc cho bảng `salary`
--
ALTER TABLE `salary`
  ADD CONSTRAINT `salary_ibfk_1` FOREIGN KEY (`id_user`) REFERENCES `user` (`id`) ON DELETE CASCADE ON UPDATE CASCADE;

--
-- Các ràng buộc cho bảng `team`
--
ALTER TABLE `team`
  ADD CONSTRAINT `team_ibfk_1` FOREIGN KEY (`id_department`) REFERENCES `department` (`id`) ON DELETE CASCADE ON UPDATE CASCADE;

--
-- Các ràng buộc cho bảng `timekeeping`
--
ALTER TABLE `timekeeping`
  ADD CONSTRAINT `timekeeping_ibfk_1` FOREIGN KEY (`id_user`) REFERENCES `user` (`id`) ON DELETE CASCADE ON UPDATE CASCADE;

--
-- Các ràng buộc cho bảng `user`
--
ALTER TABLE `user`
  ADD CONSTRAINT `user_ibfk_1` FOREIGN KEY (`id_team`) REFERENCES `team` (`id`) ON DELETE CASCADE ON UPDATE CASCADE;

--
-- Các ràng buộc cho bảng `vacation`
--
ALTER TABLE `vacation`
  ADD CONSTRAINT `vacation_ibfk_1` FOREIGN KEY (`id_user`) REFERENCES `user` (`id`) ON DELETE CASCADE ON UPDATE CASCADE;
COMMIT;

/*!40101 SET CHARACTER_SET_CLIENT=@OLD_CHARACTER_SET_CLIENT */;
/*!40101 SET CHARACTER_SET_RESULTS=@OLD_CHARACTER_SET_RESULTS */;
/*!40101 SET COLLATION_CONNECTION=@OLD_COLLATION_CONNECTION */;
