07,2018
110,2018-07-02 07:59:15
87,2018-07-02 08:01:04
102,2018-07-02 08:01:30
26,2018-07-02 08:05:25
52,2018-07-02 08:09:13
82,2018-07-02 08:15:36
37,2018-07-02 08:15:39
90,2018-07-02 08:18:26
83,2018-07-02 08:22:57
20,2018-07-02 08:23:50
10,2018-07-02 08:23:53
112,2018-07-02 08:23:57
22,2018-07-02 08:24:00
93,2018-07-02 08:26:17
8,2018-07-02 08:28:21
13,2018-07-02 08:28:26
108,2018-07-02 08:28:57
99,2018-07-02 08:30:28
11,2018-07-02 08:30:32
36,2018-07-02 08:31:57
7,2018-07-02 08:33:54
111,2018-07-02 08:33:57
46,2018-07-02 08:33:59
89,2018-07-02 08:35:36
16,2018-07-02 08:37:01
33,2018-07-02 08:39:38
47,2018-07-02 08:40:45
101,2018-07-02 08:41:45
12,2018-07-02 08:41:50
4,2018-07-02 08:41:53
57,2018-07-02 08:41:57
71,2018-07-02 08:42:11
84,2018-07-02 08:42:20
81,2018-07-02 08:42:53
77,2018-07-02 08:45:30
78,2018-07-02 08:45:34
44,2018-07-02 08:45:37
32,2018-07-02 08:47:46
103,2018-07-02 08:48:36
96,2018-07-02 08:48:45
9,2018-07-02 08:49:05
41,2018-07-02 08:50:19
109,2018-07-02 08:50:23
47,2018-07-02 08:52:25
18,2018-07-02 08:55:44
92,2018-07-02 08:59:02
51,2018-07-02 09:00:12
104,2018-07-02 09:05:55
24,2018-07-02 09:13:44
16,2018-07-02 11:51:53
84,2018-07-02 12:00:59
33,2018-07-02 12:04:57
109,2018-07-02 12:05:50
87,2018-07-02 12:06:51
95,2018-07-02 13:19:31
87,2018-07-02 13:59:53
3,2018-07-02 14:02:07
89,2018-07-02 16:51:47
81,2018-07-02 17:58:04
82,2018-07-02 18:02:46
7,2018-07-02 18:03:52
24,2018-07-02 18:04:53
103,2018-07-02 18:06:16
96,2018-07-02 18:06:43
102,2018-07-02 18:07:16
108,2018-07-02 18:07:18
22,2018-07-02 18:07:21
20,2018-07-02 18:07:27
37,2018-07-02 18:09:35
41,2018-07-02 18:10:51
4,2018-07-02 18:11:27
3,2018-07-02 18:13:10
11,2018-07-02 18:14:25
93,2018-07-02 18:17:12
104,2018-07-02 18:17:48
52,2018-07-02 18:18:05
36,2018-07-02 18:19:04
112,2018-07-02 18:19:42
26,2018-07-02 18:19:58
57,2018-07-02 18:24:53
90,2018-07-02 18:27:17
47,2018-07-02 18:27:25
78,2018-07-02 18:28:40
8,2018-07-02 18:28:44
77,2018-07-02 18:28:53
111,2018-07-02 18:28:58
13,2018-07-02 18:29:02
87,2018-07-02 18:31:44
9,2018-07-02 18:47:26
87,2018-07-02 18:50:47
12,2018-07-02 18:55:31
18,2018-07-02 18:58:13
99,2018-07-02 18:58:49
101,2018-07-02 19:04:38
83,2018-07-02 19:10:17
83,2018-07-02 19:10:18
95,2018-07-02 19:25:52
32,2018-07-02 19:33:14
71,2018-07-02 19:39:11
37,2018-07-03 07:08:29
26,2018-07-03 07:57:48
110,2018-07-03 07:59:28
10,2018-07-03 08:05:26
13,2018-07-03 08:15:14
52,2018-07-03 08:15:18
47,2018-07-03 08:15:43
3,2018-07-03 08:15:55
92,2018-07-03 08:19:56
90,2018-07-03 08:20:27
20,2018-07-03 08:21:51
22,2018-07-03 08:22:06
82,2018-07-03 08:22:54
101,2018-07-03 08:24:47
93,2018-07-03 08:25:23
36,2018-07-03 08:27:55
24,2018-07-03 08:28:14
83,2018-07-03 08:30:31
108,2018-07-03 08:34:45
33,2018-07-03 08:34:51
109,2018-07-03 08:34:59
84,2018-07-03 08:36:10
8,2018-07-03 08:37:39
46,2018-07-03 08:37:43
11,2018-07-03 08:37:51
9,2018-07-03 08:40:13
102,2018-07-03 08:40:57
12,2018-07-03 08:41:04
71,2018-07-03 08:41:27
7,2018-07-03 08:41:42
44,2018-07-03 08:41:46
78,2018-07-03 08:43:04
77,2018-07-03 08:43:11
16,2018-07-03 08:45:11
32,2018-07-03 08:48:07
96,2018-07-03 08:48:23
57,2018-07-03 08:48:30
104,2018-07-03 08:54:43
41,2018-07-03 08:57:29
51,2018-07-03 08:57:40
18,2018-07-03 09:09:54
81,2018-07-03 09:16:38
103,2018-07-03 09:28:15
87,2018-07-03 09:32:31
99,2018-07-03 09:39:17
33,2018-07-03 12:01:02
109,2018-07-03 12:02:20
95,2018-07-03 17:21:23
81,2018-07-03 17:35:48
102,2018-07-03 18:00:27
82,2018-07-03 18:00:32
99,2018-07-03 18:05:30
108,2018-07-03 18:06:17
20,2018-07-03 18:09:37
9,2018-07-03 18:11:15
22,2018-07-03 18:11:23
89,2018-07-03 18:11:33
89,2018-07-03 18:12:00
16,2018-07-03 18:12:07
11,2018-07-03 18:16:58
7,2018-07-03 18:24:34
51,2018-07-03 18:28:24
36,2018-07-03 18:32:56
93,2018-07-03 18:36:14
13,2018-07-03 18:38:37
96,2018-07-03 18:40:11
3,2018-07-03 18:40:13
103,2018-07-03 18:42:23
18,2018-07-03 18:42:47
90,2018-07-03 18:48:24
10,2018-07-03 18:50:33
78,2018-07-03 18:50:52
78,2018-07-03 18:50:53
77,2018-07-03 18:50:57
37,2018-07-03 18:51:16
8,2018-07-03 18:52:09
87,2018-07-03 18:57:53
84,2018-07-03 18:59:14
12,2018-07-03 19:01:18
26,2018-07-03 19:02:20
101,2018-07-03 19:02:23
47,2018-07-03 19:02:35
24,2018-07-03 19:02:38
26,2018-07-03 19:03:12
67,2018-07-03 19:03:19
67,2018-07-03 19:03:21
95,2018-07-03 19:05:58
44,2018-07-03 19:14:19
57,2018-07-03 19:16:01
57,2018-07-03 19:16:50
52,2018-07-03 19:16:59
71,2018-07-03 19:25:29
32,2018-07-03 19:36:12
92,2018-07-03 19:46:56
46,2018-07-03 19:51:08
110,2018-07-04 07:56:14
52,2018-07-04 08:11:57
26,2018-07-04 08:19:00
95,2018-07-04 08:19:02
82,2018-07-04 08:19:43
47,2018-07-04 08:21:13
24,2018-07-04 08:21:19
8,2018-07-04 08:27:40
10,2018-07-04 08:27:43
101,2018-07-04 08:27:47
112,2018-07-04 08:27:51
46,2018-07-04 08:31:01
7,2018-07-04 08:31:12
4,2018-07-04 08:31:19
13,2018-07-04 08:31:27
36,2018-07-04 08:32:38
36,2018-07-04 08:32:39
99,2018-07-04 08:32:42
102,2018-07-04 08:32:44
92,2018-07-04 08:32:52
11,2018-07-04 08:34:49
108,2018-07-04 08:34:53
33,2018-07-04 08:34:57
90,2018-07-04 08:35:51
57,2018-07-04 08:35:54
81,2018-07-04 08:36:39
9,2018-07-04 08:40:39
12,2018-07-04 08:41:56
78,2018-07-04 08:42:54
77,2018-07-04 08:43:00
20,2018-07-04 08:43:07
71,2018-07-04 08:43:11
44,2018-07-04 08:43:14
28,2018-07-04 08:45:50
84,2018-07-04 08:46:29
32,2018-07-04 08:46:31
109,2018-07-04 08:47:58
41,2018-07-04 08:50:51
96,2018-07-04 08:50:53
111,2018-07-04 08:52:03
51,2018-07-04 08:53:05
89,2018-07-04 08:54:38
103,2018-07-04 08:55:48
87,2018-07-04 08:58:36
104,2018-07-04 09:00:32
18,2018-07-04 09:08:10
3,2018-07-04 09:14:23
16,2018-07-04 09:46:42
87,2018-07-04 11:59:04
87,2018-07-04 11:59:55
95,2018-07-04 12:00:01
84,2018-07-04 12:00:14
33,2018-07-04 12:02:38
109,2018-07-04 12:06:14
83,2018-07-04 13:24:41
95,2018-07-04 13:25:07
87,2018-07-04 13:27:37
20,2018-07-04 16:39:11
81,2018-07-04 17:58:43
96,2018-07-04 18:00:12
16,2018-07-04 18:01:20
103,2018-07-04 18:01:34
102,2018-07-04 18:01:41
108,2018-07-04 18:09:01
4,2018-07-04 18:12:55
24,2018-07-04 18:17:18
7,2018-07-04 18:17:52
41,2018-07-04 18:20:10
101,2018-07-04 18:22:08
112,2018-07-04 18:22:43
12,2018-07-04 18:23:30
104,2018-07-04 18:23:54
111,2018-07-04 18:23:57
83,2018-07-04 18:24:05
82,2018-07-04 18:25:27
36,2018-07-04 18:28:57
8,2018-07-04 18:31:51
9,2018-07-04 18:32:43
25,2018-07-04 18:39:34
47,2018-07-04 18:39:51
29,2018-07-04 18:42:49
29,2018-07-04 18:42:53
18,2018-07-04 18:53:12
13,2018-07-04 18:53:14
51,2018-07-04 18:54:17
52,2018-07-04 18:54:22
11,2018-07-04 18:55:04
52,2018-07-04 18:55:09
57,2018-07-04 18:56:11
26,2018-07-04 18:57:44
78,2018-07-04 18:59:05
92,2018-07-04 19:08:00
46,2018-07-04 19:08:03
32,2018-07-04 19:08:18
71,2018-07-04 19:16:10
28,2018-07-04 19:27:57
10,2018-07-04 19:45:07
3,2018-07-04 19:47:55
99,2018-07-04 19:51:31
44,2018-07-04 20:03:28
89,2018-07-04 20:04:16
89,2018-07-04 20:04:17
95,2018-07-04 20:26:20
87,2018-07-04 21:27:46
46,2018-07-05 07:06:19
92,2018-07-05 07:11:54
47,2018-07-05 07:12:06
37,2018-07-05 07:29:48
81,2018-07-05 07:32:28
29,2018-07-05 07:51:10
110,2018-07-05 07:53:12
25,2018-07-05 07:56:23
3,2018-07-05 08:08:41
52,2018-07-05 08:08:56
26,2018-07-05 08:11:44
10,2018-07-05 08:13:13
82,2018-07-05 08:14:10
24,2018-07-05 08:18:04
8,2018-07-05 08:25:05
90,2018-07-05 08:32:04
13,2018-07-05 08:33:11
71,2018-07-05 08:33:18
84,2018-07-05 08:33:25
99,2018-07-05 08:34:02
108,2018-07-05 08:34:04
36,2018-07-05 08:34:54
7,2018-07-05 08:35:04
57,2018-07-05 08:36:13
20,2018-07-05 08:37:03
11,2018-07-05 08:37:44
102,2018-07-05 08:40:01
101,2018-07-05 08:40:05
83,2018-07-05 08:41:07
95,2018-07-05 08:41:57
44,2018-07-05 08:43:39
51,2018-07-05 08:43:41
109,2018-07-05 08:43:44
89,2018-07-05 08:43:47
96,2018-07-05 08:44:26
111,2018-07-05 08:44:30
12,2018-07-05 08:48:20
16,2018-07-05 08:48:30
93,2018-07-05 08:49:31
32,2018-07-05 08:51:32
78,2018-07-05 08:54:57
41,2018-07-05 08:55:01
77,2018-07-05 08:55:08
18,2018-07-05 08:56:31
9,2018-07-05 08:56:37
103,2018-07-05 08:58:53
104,2018-07-05 09:01:19
87,2018-07-05 09:05:30
28,2018-07-05 09:37:04
109,2018-07-05 12:07:56
95,2018-07-05 12:14:04
87,2018-07-05 12:14:22
87,2018-07-05 14:31:50
95,2018-07-05 14:31:56
87,2018-07-05 17:33:17
81,2018-07-05 17:43:36
3,2018-07-05 17:44:32
20,2018-07-05 17:51:56
16,2018-07-05 17:52:02
83,2018-07-05 17:52:16
26,2018-07-05 17:55:03
47,2018-07-05 17:55:10
18,2018-07-05 17:58:25
96,2018-07-05 17:59:59
103,2018-07-05 18:00:18
102,2018-07-05 18:00:23
7,2018-07-05 18:07:09
24,2018-07-05 18:08:06
82,2018-07-05 18:08:12
104,2018-07-05 18:08:56
93,2018-07-05 18:12:32
11,2018-07-05 18:20:48
9,2018-07-05 18:21:51
108,2018-07-05 18:23:26
41,2018-07-05 18:26:21
13,2018-07-05 18:28:50
77,2018-07-05 18:30:18
78,2018-07-05 18:30:22
99,2018-07-05 18:30:35
51,2018-07-05 18:36:44
36,2018-07-05 18:37:22
95,2018-07-05 18:44:23
92,2018-07-05 18:45:01
25,2018-07-05 18:46:17
12,2018-07-05 18:49:24
101,2018-07-05 18:50:09
29,2018-07-05 18:52:18
90,2018-07-05 18:52:49
111,2018-07-05 18:55:53
37,2018-07-05 18:55:57
57,2018-07-05 18:59:16
71,2018-07-05 19:19:26
84,2018-07-05 19:20:04
44,2018-07-05 19:31:22
32,2018-07-05 19:40:47
8,2018-07-05 20:19:55
52,2018-07-05 20:27:08
25,2018-07-06 07:43:08
110,2018-07-06 07:51:12
29,2018-07-06 07:54:14
37,2018-07-06 08:06:59
82,2018-07-06 08:11:59
52,2018-07-06 08:13:03
26,2018-07-06 08:13:14
10,2018-07-06 08:15:54
87,2018-07-06 08:15:57
8,2018-07-06 08:18:13
24,2018-07-06 08:19:00
102,2018-07-06 08:20:56
81,2018-07-06 08:22:14
90,2018-07-06 08:24:58
109,2018-07-06 08:27:41
99,2018-07-06 08:27:43
93,2018-07-06 08:27:46
36,2018-07-06 08:30:09
13,2018-07-06 08:30:19
71,2018-07-06 08:30:57
57,2018-07-06 08:32:48
33,2018-07-06 08:34:04
111,2018-07-06 08:35:48
103,2018-07-06 08:36:45
108,2018-07-06 08:36:48
11,2018-07-06 08:36:52
20,2018-07-06 08:36:58
7,2018-07-06 08:37:27
101,2018-07-06 08:39:00
44,2018-07-06 08:40:46
84,2018-07-06 08:41:14
77,2018-07-06 08:41:35
78,2018-07-06 08:41:39
112,2018-07-06 08:41:44
83,2018-07-06 08:41:58
12,2018-07-06 08:45:27
46,2018-07-06 08:45:56
96,2018-07-06 08:47:39
4,2018-07-06 08:47:42
47,2018-07-06 08:48:10
41,2018-07-06 08:50:48
51,2018-07-06 08:54:04
89,2018-07-06 08:54:08
92,2018-07-06 08:58:19
92,2018-07-06 08:58:47
104,2018-07-06 09:05:16
18,2018-07-06 09:09:18
87,2018-07-06 12:00:21
33,2018-07-06 12:05:27
67,2018-07-06 12:06:09
67,2018-07-06 12:06:10
84,2018-07-06 12:09:46
20,2018-07-06 12:09:56
109,2018-07-06 12:15:19
32,2018-07-06 12:24:11
87,2018-07-06 12:35:10
3,2018-07-06 13:43:32
95,2018-07-06 13:48:38
81,2018-07-06 17:56:09
104,2018-07-06 18:00:59
96,2018-07-06 18:02:33
96,2018-07-06 18:02:34
82,2018-07-06 18:06:07
102,2018-07-06 18:14:34
36,2018-07-06 18:24:17
112,2018-07-06 18:24:22
89,2018-07-06 18:25:15
89,2018-07-06 18:25:25
89,2018-07-06 18:25:32
11,2018-07-06 18:26:44
87,2018-07-06 18:26:48
9,2018-07-06 18:30:38
83,2018-07-06 18:31:08
24,2018-07-06 18:43:52
4,2018-07-06 18:44:08
103,2018-07-06 18:51:37
108,2018-07-06 18:51:42
57,2018-07-06 18:55:55
7,2018-07-06 18:56:09
12,2018-07-06 18:58:45
29,2018-07-06 18:59:08
93,2018-07-06 19:00:08
52,2018-07-06 19:01:58
95,2018-07-06 19:02:06
37,2018-07-06 19:02:56
99,2018-07-06 19:03:01
111,2018-07-06 19:03:14
110,2018-07-06 19:03:53
71,2018-07-06 19:03:57
47,2018-07-06 19:05:00
78,2018-07-06 19:05:43
51,2018-07-06 19:06:38
8,2018-07-06 19:15:07
47,2018-07-06 19:18:36
92,2018-07-06 20:10:25
41,2018-07-06 20:10:37
32,2018-07-06 20:27:11
46,2018-07-06 20:31:59
44,2018-07-06 21:49:31
92,2018-07-07 07:51:55
110,2018-07-07 07:54:17
26,2018-07-07 07:58:15
8,2018-07-07 08:02:35
46,2018-07-07 08:02:42
25,2018-07-07 08:07:45
52,2018-07-07 08:11:56
36,2018-07-07 08:27:48
77,2018-07-07 08:30:32
10,2018-07-07 08:31:04
13,2018-07-07 08:33:15
57,2018-07-07 08:33:19
11,2018-07-07 08:36:46
71,2018-07-07 08:37:00
90,2018-07-07 08:38:05
83,2018-07-07 08:38:16
101,2018-07-07 08:39:54
7,2018-07-07 08:44:28
109,2018-07-07 08:44:31
47,2018-07-07 08:44:36
32,2018-07-07 08:45:45
81,2018-07-07 08:51:36
12,2018-07-07 08:54:07
41,2018-07-07 08:55:09
89,2018-07-07 08:55:16
96,2018-07-07 08:58:09
51,2018-07-07 08:58:39
99,2018-07-07 09:03:21
95,2018-07-07 09:10:34
93,2018-07-07 09:10:42
18,2018-07-07 09:11:57
112,2018-07-07 09:16:55
7,2018-07-07 11:37:39
93,2018-07-07 11:37:43
81,2018-07-07 11:38:35
71,2018-07-07 11:46:44
83,2018-07-07 12:06:21
77,2018-07-07 12:10:31
111,2018-07-07 12:10:36
109,2018-07-07 12:10:57
95,2018-07-07 12:19:16
9,2018-07-07 12:45:18
96,2018-07-07 12:46:12
12,2018-07-07 12:46:58
90,2018-07-07 12:47:01
36,2018-07-07 12:47:09
11,2018-07-07 12:47:24
13,2018-07-07 12:47:29
25,2018-07-07 12:48:35
99,2018-07-07 12:49:47
8,2018-07-07 13:17:25
51,2018-07-07 14:17:18
18,2018-07-07 14:46:09
57,2018-07-07 14:57:55
41,2018-07-07 15:01:35
47,2018-07-07 16:14:41
71,2018-07-07 16:38:51
47,2018-07-07 16:43:31
26,2018-07-07 17:14:35
52,2018-07-07 17:16:36
92,2018-07-07 17:54:00
32,2018-07-07 19:04:48
44,2018-07-07 19:07:09
95,2018-07-07 19:45:35
95,2018-07-08 09:50:20
95,2018-07-08 14:36:17
87,2018-07-09 07:48:49
29,2018-07-09 08:01:32
110,2018-07-09 08:07:10
82,2018-07-09 08:10:18
25,2018-07-09 08:16:57
13,2018-07-09 08:17:08
10,2018-07-09 08:20:41
93,2018-07-09 08:28:38
8,2018-07-09 08:31:21
7,2018-07-09 08:31:30
36,2018-07-09 08:32:59
52,2018-07-09 08:34:54
47,2018-07-09 08:34:57
33,2018-07-09 08:36:05
37,2018-07-09 08:36:10
11,2018-07-09 08:37:18
12,2018-07-09 08:38:48
101,2018-07-09 08:40:14
92,2018-07-09 08:46:31
28,2018-07-09 08:47:11
90,2018-07-09 08:48:03
109,2018-07-09 08:48:20
84,2018-07-09 08:48:50
44,2018-07-09 08:48:53
16,2018-07-09 08:51:44
102,2018-07-09 08:54:27
96,2018-07-09 08:54:32
41,2018-07-09 08:57:34
104,2018-07-09 08:59:45
108,2018-07-09 09:00:15
9,2018-07-09 09:02:32
77,2018-07-09 09:02:57
77,2018-07-09 09:02:58
103,2018-07-09 09:04:14
57,2018-07-09 09:26:18
24,2018-07-09 09:26:42
3,2018-07-09 09:27:20
89,2018-07-09 09:29:36
46,2018-07-09 09:29:40
18,2018-07-09 09:29:48
51,2018-07-09 11:59:21
109,2018-07-09 12:04:12
33,2018-07-09 12:07:58
84,2018-07-09 12:14:41
108,2018-07-09 12:40:22
71,2018-07-09 12:40:35
87,2018-07-09 12:42:20
95,2018-07-09 13:28:18
16,2018-07-09 17:52:50
16,2018-07-09 17:52:56
102,2018-07-09 18:00:12
26,2018-07-09 18:04:01
7,2018-07-09 18:08:20
24,2018-07-09 18:12:56
103,2018-07-09 18:19:53
96,2018-07-09 18:20:02
93,2018-07-09 18:20:34
82,2018-07-09 18:21:04
11,2018-07-09 18:23:52
104,2018-07-09 18:27:14
12,2018-07-09 18:44:55
25,2018-07-09 18:46:17
29,2018-07-09 18:46:19
101,2018-07-09 18:46:20
9,2018-07-09 18:46:36
90,2018-07-09 18:46:48
18,2018-07-09 18:47:35
36,2018-07-09 18:47:47
41,2018-07-09 18:48:08
77,2018-07-09 18:48:43
10,2018-07-09 18:48:55
8,2018-07-09 18:49:04
47,2018-07-09 18:49:23
111,2018-07-09 18:49:25
37,2018-07-09 18:49:54
71,2018-07-09 18:50:16
44,2018-07-09 18:50:49
57,2018-07-09 18:51:38
95,2018-07-09 18:52:40
87,2018-07-09 19:06:53
32,2018-07-09 19:07:20
52,2018-07-09 19:11:39
110,2018-07-10 07:49:20
25,2018-07-10 08:05:49
29,2018-07-10 08:08:52
82,2018-07-10 08:08:54
8,2018-07-10 08:19:45
10,2018-07-10 08:21:06
90,2018-07-10 08:23:01
13,2018-07-10 08:23:06
26,2018-07-10 08:25:33
102,2018-07-10 08:27:33
36,2018-07-10 08:32:09
96,2018-07-10 08:32:13
33,2018-07-10 08:32:20
93,2018-07-10 08:32:25
11,2018-07-10 08:35:58
101,2018-07-10 08:36:02
37,2018-07-10 08:36:04
111,2018-07-10 08:36:20
99,2018-07-10 08:39:12
108,2018-07-10 08:39:20
57,2018-07-10 08:39:32
7,2018-07-10 08:41:27
44,2018-07-10 08:41:39
71,2018-07-10 08:41:46
46,2018-07-10 08:42:34
12,2018-07-10 08:44:13
84,2018-07-10 08:44:30
51,2018-07-10 08:45:21
24,2018-07-10 08:47:02
18,2018-07-10 08:51:20
77,2018-07-10 08:53:01
4,2018-07-10 08:53:07
87,2018-07-10 08:53:11
95,2018-07-10 08:53:26
92,2018-07-10 08:55:34
41,2018-07-10 08:57:41
89,2018-07-10 08:57:49
16,2018-07-10 08:58:04
47,2018-07-10 09:04:33
9,2018-07-10 09:06:23
3,2018-07-10 09:06:29
104,2018-07-10 09:06:31
103,2018-07-10 09:08:24
32,2018-07-10 09:26:37
47,2018-07-10 10:34:21
33,2018-07-10 12:04:41
87,2018-07-10 12:09:51
95,2018-07-10 12:11:04
78,2018-07-10 12:59:54
83,2018-07-10 13:23:52
87,2018-07-10 13:24:16
112,2018-07-10 13:24:54
95,2018-07-10 13:36:10
109,2018-07-10 13:37:30
37,2018-07-10 13:39:16
81,2018-07-10 14:09:08
26,2018-07-10 17:50:53
92,2018-07-10 18:07:48
81,2018-07-10 18:08:06
109,2018-07-10 18:09:22
103,2018-07-10 18:09:34
102,2018-07-10 18:09:38
3,2018-07-10 18:11:36
108,2018-07-10 18:11:38
16,2018-07-10 18:12:46
82,2018-07-10 18:12:51
8,2018-07-10 18:15:29
101,2018-07-10 18:17:14
104,2018-07-10 18:17:19
90,2018-07-10 18:17:25
112,2018-07-10 18:20:38
7,2018-07-10 18:21:35
93,2018-07-10 18:21:50
4,2018-07-10 18:22:59
9,2018-07-10 18:24:17
78,2018-07-10 18:25:02
77,2018-07-10 18:25:11
99,2018-07-10 18:34:58
12,2018-07-10 18:35:00
11,2018-07-10 18:36:52
89,2018-07-10 18:37:10
87,2018-07-10 18:40:52
36,2018-07-10 18:41:44
41,2018-07-10 18:42:20
24,2018-07-10 18:42:26
29,2018-07-10 18:56:03
57,2018-07-10 18:59:16
52,2018-07-10 19:01:38
46,2018-07-10 19:02:01
51,2018-07-10 19:02:37
95,2018-07-10 19:02:42
10,2018-07-10 19:22:04
13,2018-07-10 19:22:17
111,2018-07-10 19:23:27
32,2018-07-10 19:30:12
71,2018-07-10 19:34:10
44,2018-07-10 19:39:56
84,2018-07-10 19:40:04
83,2018-07-10 19:47:12
25,2018-07-10 20:07:40
101,2018-07-11 07:47:24
110,2018-07-11 07:52:28
29,2018-07-11 07:56:17
82,2018-07-11 08:13:04
25,2018-07-11 08:15:37
104,2018-07-11 08:15:43
26,2018-07-11 08:15:49
52,2018-07-11 08:15:53
11,2018-07-11 08:17:04
83,2018-07-11 08:19:13
83,2018-07-11 08:19:15
90,2018-07-11 08:19:22
3,2018-07-11 08:20:41
47,2018-07-11 08:21:56
71,2018-07-11 08:21:59
78,2018-07-11 08:24:08
77,2018-07-11 08:24:22
16,2018-07-11 08:24:26
46,2018-07-11 08:26:05
111,2018-07-11 08:26:11
92,2018-07-11 08:26:15
108,2018-07-11 08:26:19
44,2018-07-11 08:26:25
13,2018-07-11 08:26:37
10,2018-07-11 08:27:10
18,2018-07-11 08:28:08
93,2018-07-11 08:28:13
99,2018-07-11 08:28:16
24,2018-07-11 08:28:40
33,2018-07-11 08:30:37
95,2018-07-11 08:30:43
7,2018-07-11 08:30:46
32,2018-07-11 08:31:01
84,2018-07-11 08:31:26
51,2018-07-11 08:33:00
36,2018-07-11 08:33:45
8,2018-07-11 08:35:03
103,2018-07-11 08:36:38
102,2018-07-11 08:38:48
57,2018-07-11 08:40:34
41,2018-07-11 08:41:06
87,2018-07-11 08:42:25
4,2018-07-11 08:44:41
12,2018-07-11 08:50:15
9,2018-07-11 08:52:56
96,2018-07-11 08:58:07
89,2018-07-11 08:58:10
109,2018-07-11 08:59:23
109,2018-07-11 12:02:24
41,2018-07-11 12:02:48
87,2018-07-11 12:03:19
95,2018-07-11 12:03:29
33,2018-07-11 12:04:36
84,2018-07-11 12:06:15
89,2018-07-11 12:55:21
112,2018-07-11 13:15:49
95,2018-07-11 13:27:22
37,2018-07-11 13:35:07
41,2018-07-11 13:37:11
9,2018-07-11 18:01:01
102,2018-07-11 18:01:32
103,2018-07-11 18:01:37
9,2018-07-11 18:02:49
96,2018-07-11 18:05:45
16,2018-07-11 18:06:04
32,2018-07-11 18:08:24
101,2018-07-11 18:09:09
37,2018-07-11 18:09:53
24,2018-07-11 18:11:52
29,2018-07-11 18:12:21
3,2018-07-11 18:12:42
104,2018-07-11 18:12:56
108,2018-07-11 18:15:34
83,2018-07-11 18:16:04
83,2018-07-11 18:16:05
95,2018-07-11 18:16:41
4,2018-07-11 18:17:14
78,2018-07-11 18:17:54
77,2018-07-11 18:18:00
82,2018-07-11 18:18:06
57,2018-07-11 18:19:23
99,2018-07-11 18:20:42
13,2018-07-11 18:36:47
11,2018-07-11 18:37:31
36,2018-07-11 18:43:03
8,2018-07-11 18:50:27
47,2018-07-11 18:59:15
7,2018-07-11 19:07:00
41,2018-07-11 19:07:42
71,2018-07-11 19:07:53
7,2018-07-11 19:09:24
18,2018-07-11 19:13:33
25,2018-07-11 19:20:53
93,2018-07-11 19:21:08
112,2018-07-11 19:21:43
12,2018-07-11 19:22:23
90,2018-07-11 19:22:43
51,2018-07-11 19:24:36
52,2018-07-11 19:30:21
44,2018-07-11 19:35:27
28,2018-07-11 19:35:34
89,2018-07-11 19:48:12
10,2018-07-11 20:11:22
111,2018-07-11 20:11:24
26,2018-07-11 20:16:35
92,2018-07-11 20:22:41
110,2018-07-12 07:45:44
26,2018-07-12 08:05:37
29,2018-07-12 08:07:12
3,2018-07-12 08:08:44
52,2018-07-12 08:11:20
82,2018-07-12 08:14:04
46,2018-07-12 08:14:07
104,2018-07-12 08:14:10
92,2018-07-12 08:14:26
37,2018-07-12 08:16:30
37,2018-07-12 08:17:04
90,2018-07-12 08:18:58
24,2018-07-12 08:19:18
71,2018-07-12 08:20:18
11,2018-07-12 08:21:04
101,2018-07-12 08:22:14
81,2018-07-12 08:22:18
12,2018-07-12 08:24:02
57,2018-07-12 08:24:05
95,2018-07-12 08:24:12
8,2018-07-12 08:24:26
111,2018-07-12 08:24:31
78,2018-07-12 08:24:47
77,2018-07-12 08:25:07
99,2018-07-12 08:25:47
25,2018-07-12 08:25:49
18,2018-07-12 08:25:53
93,2018-07-12 08:25:55
83,2018-07-12 08:25:59
33,2018-07-12 08:26:03
13,2018-07-12 08:26:09
102,2018-07-12 08:28:17
16,2018-07-12 08:28:22
10,2018-07-12 08:28:24
84,2018-07-12 08:28:52
32,2018-07-12 08:29:14
96,2018-07-12 08:30:29
108,2018-07-12 08:30:36
87,2018-07-12 08:30:40
36,2018-07-12 08:32:00
44,2018-07-12 08:32:04
112,2018-07-12 08:33:03
7,2018-07-12 08:34:17
51,2018-07-12 08:37:12
103,2018-07-12 08:37:23
89,2018-07-12 08:37:27
47,2018-07-12 08:38:27
4,2018-07-12 08:40:34
41,2018-07-12 08:42:09
109,2018-07-12 08:42:12
34,2018-07-12 08:52:19
9,2018-07-12 08:55:36
109,2018-07-12 12:02:36
33,2018-07-12 12:03:14
95,2018-07-12 12:08:28
87,2018-07-12 12:08:29
89,2018-07-12 12:08:34
87,2018-07-12 13:31:09
87,2018-07-12 17:19:44
95,2018-07-12 17:19:48
96,2018-07-12 18:01:06
103,2018-07-12 18:02:07
102,2018-07-12 18:02:21
81,2018-07-12 18:03:38
37,2018-07-12 18:07:41
82,2018-07-12 18:09:05
108,2018-07-12 18:10:26
93,2018-07-12 18:13:04
7,2018-07-12 18:13:07
24,2018-07-12 18:13:12
112,2018-07-12 18:16:52
4,2018-07-12 18:16:54
36,2018-07-12 18:21:21
46,2018-07-12 18:21:27
46,2018-07-12 18:21:45
11,2018-07-12 18:23:19
26,2018-07-12 18:25:12
78,2018-07-12 18:30:36
77,2018-07-12 18:30:42
84,2018-07-12 18:32:29
9,2018-07-12 18:34:16
18,2018-07-12 18:38:07
47,2018-07-12 18:43:40
16,2018-07-12 18:44:54
57,2018-07-12 18:48:52
90,2018-07-12 18:52:35
47,2018-07-12 18:53:23
25,2018-07-12 18:54:37
13,2018-07-12 18:58:45
8,2018-07-12 19:00:59
3,2018-07-12 19:03:18
99,2018-07-12 19:03:42
12,2018-07-12 19:07:30
44,2018-07-12 19:08:48
41,2018-07-12 19:11:24
92,2018-07-12 19:14:11
32,2018-07-12 19:15:44
29,2018-07-12 19:21:04
111,2018-07-12 19:27:59
51,2018-07-12 19:33:00
52,2018-07-12 19:34:42
10,2018-07-12 19:38:55
101,2018-07-12 19:38:56
29,2018-07-13 07:41:35
110,2018-07-13 08:01:32
47,2018-07-13 08:04:35
25,2018-07-13 08:08:35
52,2018-07-13 08:08:55
108,2018-07-13 08:14:14
82,2018-07-13 08:15:07
11,2018-07-13 08:19:34
26,2018-07-13 08:19:42
37,2018-07-13 08:19:43
90,2018-07-13 08:19:46
102,2018-07-13 08:19:54
24,2018-07-13 08:22:52
34,2018-07-13 08:22:58
46,2018-07-13 08:24:41
71,2018-07-13 08:24:44
103,2018-07-13 08:24:47
10,2018-07-13 08:24:52
104,2018-07-13 08:25:01
81,2018-07-13 08:25:03
92,2018-07-13 08:25:12
71,2018-07-13 08:25:17
18,2018-07-13 08:26:29
83,2018-07-13 08:26:39
13,2018-07-13 08:26:48
78,2018-07-13 08:27:58
77,2018-07-13 08:28:02
93,2018-07-13 08:28:07
112,2018-07-13 08:28:50
8,2018-07-13 08:28:55
33,2018-07-13 08:29:01
36,2018-07-13 08:30:13
36,2018-07-13 08:30:15
101,2018-07-13 08:30:19
12,2018-07-13 08:31:37
44,2018-07-13 08:31:40
109,2018-07-13 08:31:49
57,2018-07-13 08:31:53
84,2018-07-13 08:31:57
32,2018-07-13 08:32:07
99,2018-07-13 08:35:29
7,2018-07-13 08:36:15
95,2018-07-13 08:39:12
16,2018-07-13 08:42:54
4,2018-07-13 08:43:40
41,2018-07-13 08:44:45
87,2018-07-13 08:46:49
51,2018-07-13 08:46:51
96,2018-07-13 08:54:13
9,2018-07-13 09:00:17
89,2018-07-13 09:49:02
109,2018-07-13 11:41:28
81,2018-07-13 11:56:26
37,2018-07-13 12:02:30
95,2018-07-13 12:09:03
87,2018-07-13 12:09:06
84,2018-07-13 12:27:39
83,2018-07-13 12:27:50
95,2018-07-13 13:22:40
93,2018-07-13 17:57:18
82,2018-07-13 17:58:18
16,2018-07-13 18:03:27
102,2018-07-13 18:03:30
24,2018-07-13 18:05:28
96,2018-07-13 18:05:41
103,2018-07-13 18:05:57
9,2018-07-13 18:06:22
7,2018-07-13 18:14:37
112,2018-07-13 18:15:23
4,2018-07-13 18:19:18
87,2018-07-13 18:23:08
8,2018-07-13 18:23:41
36,2018-07-13 18:23:55
3,2018-07-13 18:24:18
11,2018-07-13 18:25:47
12,2018-07-13 18:25:57
13,2018-07-13 18:28:01
10,2018-07-13 18:29:13
104,2018-07-13 18:29:15
78,2018-07-13 18:31:41
77,2018-07-13 18:31:54
47,2018-07-13 18:33:01
99,2018-07-13 18:33:22
26,2018-07-13 18:38:36
57,2018-07-13 18:40:07
52,2018-07-13 18:40:48
51,2018-07-13 18:42:43
89,2018-07-13 18:49:51
29,2018-07-13 18:59:55
71,2018-07-13 19:03:33
18,2018-07-13 19:12:01
95,2018-07-13 19:15:52
44,2018-07-13 19:15:54
41,2018-07-13 19:16:12
7,2018-07-13 19:16:22
108,2018-07-13 19:43:54
25,2018-07-13 19:44:09
101,2018-07-13 19:44:15
90,2018-07-13 19:47:13
92,2018-07-13 20:19:19
110,2018-07-14 08:07:12
24,2018-07-14 08:11:26
47,2018-07-14 08:16:18
82,2018-07-14 08:17:47
71,2018-07-14 08:18:03
29,2018-07-14 08:23:27
10,2018-07-14 08:26:00
36,2018-07-14 08:26:02
25,2018-07-14 08:26:06
11,2018-07-14 08:26:10
44,2018-07-14 08:26:15
26,2018-07-14 08:26:21
78,2018-07-14 08:27:31
77,2018-07-14 08:29:12
83,2018-07-14 08:29:22
8,2018-07-14 08:31:48
99,2018-07-14 08:31:52
92,2018-07-14 08:32:02
13,2018-07-14 08:32:39
109,2018-07-14 08:33:57
102,2018-07-14 08:34:01
104,2018-07-14 08:35:41
7,2018-07-14 08:37:48
112,2018-07-14 08:37:51
90,2018-07-14 08:37:55
87,2018-07-14 08:40:39
103,2018-07-14 08:44:14
101,2018-07-14 08:45:52
12,2018-07-14 08:48:43
41,2018-07-14 08:51:22
96,2018-07-14 09:26:21
89,2018-07-14 09:26:28
32,2018-07-14 09:37:50
18,2018-07-14 10:24:18
47,2018-07-14 11:43:32
7,2018-07-14 11:44:05
26,2018-07-14 11:47:10
29,2018-07-14 11:47:38
109,2018-07-14 11:48:49
10,2018-07-14 12:00:39
11,2018-07-14 12:02:13
13,2018-07-14 12:03:53
96,2018-07-14 12:05:00
102,2018-07-14 12:05:25
90,2018-07-14 12:05:29
103,2018-07-14 12:05:32
25,2018-07-14 12:05:34
12,2018-07-14 12:06:12
83,2018-07-14 12:06:34
112,2018-07-14 12:06:43
71,2018-07-14 12:06:46
24,2018-07-14 12:06:57
32,2018-07-14 12:08:41
36,2018-07-14 12:13:37
87,2018-07-14 12:18:27
99,2018-07-14 12:23:56
57,2018-07-14 12:24:01
78,2018-07-14 12:43:04
77,2018-07-14 12:43:11
8,2018-07-14 12:43:16
110,2018-07-14 12:43:34
87,2018-07-14 12:48:01
46,2018-07-14 12:50:39
44,2018-07-14 13:30:41
71,2018-07-14 14:58:34
87,2018-07-14 17:15:40
32,2018-07-14 17:16:27
41,2018-07-14 17:20:35
87,2018-07-15 09:14:28
87,2018-07-15 17:08:17
82,2018-07-16 07:21:03
77,2018-07-16 07:22:14
110,2018-07-16 07:54:32
25,2018-07-16 08:02:40
52,2018-07-16 08:02:54
104,2018-07-16 08:14:29
26,2018-07-16 08:14:37
47,2018-07-16 08:15:52
90,2018-07-16 08:20:49
11,2018-07-16 08:21:28
99,2018-07-16 08:23:10
10,2018-07-16 08:23:15
93,2018-07-16 08:23:18
13,2018-07-16 08:23:25
7,2018-07-16 08:25:11
29,2018-07-16 08:25:15
83,2018-07-16 08:25:23
71,2018-07-16 08:25:31
101,2018-07-16 08:25:38
67,2018-07-16 08:25:53
36,2018-07-16 08:27:44
44,2018-07-16 08:27:50
12,2018-07-16 08:28:37
111,2018-07-16 08:29:47
87,2018-07-16 08:31:25
46,2018-07-16 08:31:27
109,2018-07-16 08:31:31
92,2018-07-16 08:32:01
32,2018-07-16 08:32:14
8,2018-07-16 08:32:40
78,2018-07-16 08:32:48
57,2018-07-16 08:32:54
33,2018-07-16 08:32:57
84,2018-07-16 08:33:03
18,2018-07-16 08:33:50
103,2018-07-16 08:37:07
102,2018-07-16 08:37:17
3,2018-07-16 08:38:51
108,2018-07-16 08:38:53
24,2018-07-16 08:38:57
112,2018-07-16 08:40:42
89,2018-07-16 08:40:46
41,2018-07-16 08:40:49
16,2018-07-16 08:40:51
96,2018-07-16 08:41:54
96,2018-07-16 08:41:56
95,2018-07-16 08:44:26
4,2018-07-16 08:46:10
9,2018-07-16 08:48:35
51,2018-07-16 09:16:07
96,2018-07-16 10:58:40
96,2018-07-16 10:58:41
33,2018-07-16 11:59:57
109,2018-07-16 12:11:51
95,2018-07-16 12:13:23
87,2018-07-16 12:13:56
95,2018-07-16 13:26:55
87,2018-07-16 13:43:35
84,2018-07-16 14:02:46
83,2018-07-16 17:33:16
103,2018-07-16 18:03:25
108,2018-07-16 18:03:36
102,2018-07-16 18:03:41
77,2018-07-16 18:14:46
82,2018-07-16 18:16:48
104,2018-07-16 18:16:53
11,2018-07-16 18:17:40
4,2018-07-16 18:20:46
7,2018-07-16 18:20:56
24,2018-07-16 18:21:28
112,2018-07-16 18:21:32
16,2018-07-16 18:21:48
87,2018-07-16 18:22:50
95,2018-07-16 18:23:21
111,2018-07-16 18:24:17
101,2018-07-16 18:26:44
93,2018-07-16 18:30:34
25,2018-07-16 18:30:41
9,2018-07-16 18:31:00
99,2018-07-16 18:31:06
78,2018-07-16 18:31:11
36,2018-07-16 18:32:24
8,2018-07-16 18:34:08
10,2018-07-16 18:35:49
13,2018-07-16 18:36:29
26,2018-07-16 18:38:52
90,2018-07-16 18:39:06
12,2018-07-16 18:39:50
3,2018-07-16 18:41:20
52,2018-07-16 18:44:47
52,2018-07-16 18:45:10
47,2018-07-16 18:45:42
57,2018-07-16 18:54:10
18,2018-07-16 19:02:08
41,2018-07-16 19:08:29
71,2018-07-16 19:09:52
44,2018-07-16 19:11:01
29,2018-07-16 19:22:05
32,2018-07-16 19:43:16
92,2018-07-16 20:08:40
67,2018-07-16 21:27:06
110,2018-07-17 07:54:18
29,2018-07-17 07:54:20
25,2018-07-17 08:00:22
52,2018-07-17 08:08:30
82,2018-07-17 08:11:31
10,2018-07-17 08:17:06
26,2018-07-17 08:17:15
47,2018-07-17 08:18:26
13,2018-07-17 08:18:57
83,2018-07-17 08:20:06
81,2018-07-17 08:24:04
11,2018-07-17 08:24:08
90,2018-07-17 08:24:14
104,2018-07-17 08:24:48
24,2018-07-17 08:25:07
36,2018-07-17 08:26:42
93,2018-07-17 08:26:48
44,2018-07-17 08:27:23
8,2018-07-17 08:28:43
109,2018-07-17 08:28:47
71,2018-07-17 08:29:01
33,2018-07-17 08:29:12
112,2018-07-17 08:30:40
7,2018-07-17 08:32:15
95,2018-07-17 08:32:23
51,2018-07-17 08:32:24
84,2018-07-17 08:32:43
46,2018-07-17 08:32:46
101,2018-07-17 08:32:48
92,2018-07-17 08:32:54
12,2018-07-17 08:34:02
32,2018-07-17 08:34:16
78,2018-07-17 08:36:46
77,2018-07-17 08:36:53
108,2018-07-17 08:36:57
41,2018-07-17 08:40:29
102,2018-07-17 08:42:00
37,2018-07-17 08:42:03
111,2018-07-17 08:42:44
96,2018-07-17 08:42:49
96,2018-07-17 08:42:51
99,2018-07-17 08:44:41
9,2018-07-17 08:44:52
18,2018-07-17 08:46:25
57,2018-07-17 08:46:30
67,2018-07-17 08:46:36
4,2018-07-17 08:48:05
87,2018-07-17 08:49:12
103,2018-07-17 08:52:40
89,2018-07-17 08:52:43
3,2018-07-17 10:24:20
109,2018-07-17 12:03:45
87,2018-07-17 12:03:51
95,2018-07-17 12:07:55
83,2018-07-17 12:14:14
95,2018-07-17 13:25:59
37,2018-07-17 13:30:37
36,2018-07-17 16:37:04
96,2018-07-17 18:01:46
96,2018-07-17 18:01:47
3,2018-07-17 18:01:55
81,2018-07-17 18:01:57
104,2018-07-17 18:02:02
103,2018-07-17 18:04:37
102,2018-07-17 18:04:39
99,2018-07-17 18:04:44
24,2018-07-17 18:08:09
11,2018-07-17 18:09:14
108,2018-07-17 18:16:47
101,2018-07-17 18:18:01
4,2018-07-17 18:20:09
93,2018-07-17 18:20:27
112,2018-07-17 18:20:47
7,2018-07-17 18:20:55
95,2018-07-17 18:24:03
99,2018-07-17 18:30:08
12,2018-07-17 18:30:18
82,2018-07-17 18:30:20
28,2018-07-17 18:30:37
52,2018-07-17 18:41:03
26,2018-07-17 18:54:38
78,2018-07-17 18:54:45
77,2018-07-17 18:55:45
9,2018-07-17 18:56:21
8,2018-07-17 18:56:38
57,2018-07-17 18:57:07
32,2018-07-17 19:00:06
18,2018-07-17 19:02:10
71,2018-07-17 19:10:34
41,2018-07-17 19:34:05
29,2018-07-17 19:37:19
44,2018-07-17 19:45:25
51,2018-07-17 19:47:13
13,2018-07-17 19:49:22
92,2018-07-17 20:02:28
25,2018-07-17 20:02:52
90,2018-07-17 20:03:01
46,2018-07-17 20:38:26
89,2018-07-17 20:44:56
110,2018-07-18 07:50:24
29,2018-07-18 07:57:06
52,2018-07-18 08:12:53
25,2018-07-18 08:19:07
26,2018-07-18 08:19:14
81,2018-07-18 08:21:21
47,2018-07-18 08:22:59
83,2018-07-18 08:23:01
13,2018-07-18 08:23:39
37,2018-07-18 08:23:43
46,2018-07-18 08:24:50
95,2018-07-18 08:24:53
11,2018-07-18 08:24:56
92,2018-07-18 08:25:10
82,2018-07-18 08:26:10
99,2018-07-18 08:26:13
93,2018-07-18 08:26:27
10,2018-07-18 08:28:23
101,2018-07-18 08:28:27
36,2018-07-18 08:29:22
71,2018-07-18 08:29:36
78,2018-07-18 08:32:13
77,2018-07-18 08:32:21
44,2018-07-18 08:32:24
108,2018-07-18 08:32:27
33,2018-07-18 08:32:30
84,2018-07-18 08:32:34
8,2018-07-18 08:32:44
90,2018-07-18 08:32:48
18,2018-07-18 08:34:10
7,2018-07-18 08:34:13
57,2018-07-18 08:34:22
109,2018-07-18 08:36:53
24,2018-07-18 08:37:04
28,2018-07-18 08:37:10
102,2018-07-18 08:37:20
32,2018-07-18 08:37:41
112,2018-07-18 08:38:47
41,2018-07-18 08:39:31
12,2018-07-18 08:41:11
3,2018-07-18 08:43:12
96,2018-07-18 08:43:15
9,2018-07-18 08:48:53
4,2018-07-18 08:51:20
89,2018-07-18 08:52:27
103,2018-07-18 09:12:10
35,2018-07-18 09:55:20
51,2018-07-18 09:58:35
84,2018-07-18 11:56:27
81,2018-07-18 11:59:53
109,2018-07-18 12:03:48
33,2018-07-18 12:07:36
95,2018-07-18 12:16:32
87,2018-07-18 13:24:32
95,2018-07-18 13:26:08
9,2018-07-18 17:55:50
82,2018-07-18 18:01:10
102,2018-07-18 18:02:14
24,2018-07-18 18:02:29
37,2018-07-18 18:02:47
96,2018-07-18 18:04:51
103,2018-07-18 18:05:18
11,2018-07-18 18:11:56
112,2018-07-18 18:12:11
93,2018-07-18 18:14:42
108,2018-07-18 18:17:21
7,2018-07-18 18:20:54
87,2018-07-18 18:23:46
4,2018-07-18 18:26:38
78,2018-07-18 18:30:11
110,2018-07-18 18:30:32
8,2018-07-18 18:30:43
28,2018-07-18 18:31:10
77,2018-07-18 18:31:21
99,2018-07-18 18:31:40
36,2018-07-18 18:34:21
51,2018-07-18 18:39:50
18,2018-07-18 18:52:42
41,2018-07-18 18:54:21
57,2018-07-18 18:55:59
47,2018-07-18 18:57:35
12,2018-07-18 18:57:39
26,2018-07-18 19:02:00
92,2018-07-18 19:08:02
52,2018-07-18 19:18:41
52,2018-07-18 19:20:15
3,2018-07-18 19:23:06
95,2018-07-18 19:24:30
29,2018-07-18 19:30:24
44,2018-07-18 19:34:20
71,2018-07-18 20:09:40
83,2018-07-18 20:09:43
90,2018-07-18 20:14:57
101,2018-07-18 20:15:02
25,2018-07-18 20:16:13
32,2018-07-18 20:17:45
32,2018-07-18 20:18:00
110,2018-07-19 07:46:49
25,2018-07-19 08:06:15
82,2018-07-19 08:07:50
83,2018-07-19 08:17:13
52,2018-07-19 08:17:45
29,2018-07-19 08:18:33
3,2018-07-19 08:18:37
34,2018-07-19 08:18:41
47,2018-07-19 08:21:57
71,2018-07-19 08:22:07
26,2018-07-19 08:22:11
11,2018-07-19 08:24:25
13,2018-07-19 08:24:39
84,2018-07-19 08:24:46
108,2018-07-19 08:25:35
8,2018-07-19 08:25:39
87,2018-07-19 08:27:04
104,2018-07-19 08:27:10
44,2018-07-19 08:27:42
93,2018-07-19 08:27:57
89,2018-07-19 08:27:59
89,2018-07-19 08:28:00
35,2018-07-19 08:28:01
111,2018-07-19 08:28:04
99,2018-07-19 08:28:09
33,2018-07-19 08:29:39
109,2018-07-19 08:29:46
81,2018-07-19 08:29:49
28,2018-07-19 08:29:57
51,2018-07-19 08:30:55
101,2018-07-19 08:32:56
90,2018-07-19 08:32:58
7,2018-07-19 08:33:02
78,2018-07-19 08:33:06
77,2018-07-19 08:33:09
92,2018-07-19 08:33:12
46,2018-07-19 08:33:14
57,2018-07-19 08:33:21
36,2018-07-19 08:33:29
95,2018-07-19 08:35:46
10,2018-07-19 08:35:51
12,2018-07-19 08:37:17
102,2018-07-19 08:40:33
18,2018-07-19 08:41:26
41,2018-07-19 08:44:38
96,2018-07-19 08:55:08
67,2018-07-19 08:55:30
103,2018-07-19 09:32:52
109,2018-07-19 12:03:13
95,2018-07-19 12:08:50
87,2018-07-19 12:10:12
37,2018-07-19 13:08:06
95,2018-07-19 14:46:17
101,2018-07-19 15:28:35
83,2018-07-19 17:42:34
81,2018-07-19 18:02:30
102,2018-07-19 18:02:34
96,2018-07-19 18:03:59
103,2018-07-19 18:04:32
35,2018-07-19 18:07:43
82,2018-07-19 18:08:37
7,2018-07-19 18:10:46
108,2018-07-19 18:16:26
93,2018-07-19 18:17:32
37,2018-07-19 18:19:05
99,2018-07-19 18:19:43
25,2018-07-19 18:21:51
12,2018-07-19 18:21:55
11,2018-07-19 18:26:30
90,2018-07-19 18:31:32
9,2018-07-19 18:33:24
104,2018-07-19 18:33:36
78,2018-07-19 18:35:11
8,2018-07-19 18:35:14
36,2018-07-19 18:35:21
77,2018-07-19 18:35:26
3,2018-07-19 18:36:26
13,2018-07-19 18:37:00
51,2018-07-19 18:59:04
111,2018-07-19 19:05:23
18,2018-07-19 19:12:25
67,2018-07-19 19:16:11
52,2018-07-19 19:26:20
52,2018-07-19 19:26:35
84,2018-07-19 19:28:02
71,2018-07-19 19:28:05
29,2018-07-19 19:31:13
32,2018-07-19 19:38:17
87,2018-07-19 20:24:11
26,2018-07-19 20:24:56
57,2018-07-19 20:28:41
47,2018-07-19 20:44:52
89,2018-07-19 20:56:45
92,2018-07-19 20:58:58
46,2018-07-19 21:07:25
92,2018-07-19 21:19:20
41,2018-07-19 21:41:06
67,2018-07-19 21:47:47
110,2018-07-20 07:54:48
82,2018-07-20 08:07:11
8,2018-07-20 08:21:38
26,2018-07-20 08:21:59
71,2018-07-20 08:22:11
37,2018-07-20 08:23:10
47,2018-07-20 08:23:47
84,2018-07-20 08:23:54
52,2018-07-20 08:23:59
104,2018-07-20 08:24:12
29,2018-07-20 08:24:16
34,2018-07-20 08:24:21
26,2018-07-20 08:24:23
26,2018-07-20 08:24:25
25,2018-07-20 08:25:38
83,2018-07-20 08:25:48
24,2018-07-20 08:27:17
99,2018-07-20 08:28:50
9,2018-07-20 08:28:52
11,2018-07-20 08:28:55
3,2018-07-20 08:28:57
93,2018-07-20 08:30:17
92,2018-07-20 08:30:27
33,2018-07-20 08:32:18
46,2018-07-20 08:32:20
78,2018-07-20 08:32:31
77,2018-07-20 08:32:35
10,2018-07-20 08:32:39
13,2018-07-20 08:32:43
36,2018-07-20 08:34:14
90,2018-07-20 08:34:23
32,2018-07-20 08:34:31
7,2018-07-20 08:35:43
108,2018-07-20 08:38:15
111,2018-07-20 08:38:23
41,2018-07-20 08:38:27
101,2018-07-20 08:38:34
102,2018-07-20 08:39:45
109,2018-07-20 08:39:50
51,2018-07-20 08:40:06
12,2018-07-20 08:41:23
4,2018-07-20 08:43:24
96,2018-07-20 08:48:40
89,2018-07-20 08:58:06
18,2018-07-20 09:02:37
57,2018-07-20 09:06:13
103,2018-07-20 09:07:20
84,2018-07-20 12:00:52
37,2018-07-20 12:04:48
109,2018-07-20 12:07:49
33,2018-07-20 12:09:15
102,2018-07-20 18:05:36
82,2018-07-20 18:05:58
26,2018-07-20 18:08:04
103,2018-07-20 18:12:59
24,2018-07-20 18:15:13
87,2018-07-20 18:19:07
7,2018-07-20 18:20:48
11,2018-07-20 18:21:33
93,2018-07-20 18:26:57
18,2018-07-20 18:28:59
3,2018-07-20 18:29:41
101,2018-07-20 18:30:06
25,2018-07-20 18:30:12
108,2018-07-20 18:30:16
90,2018-07-20 18:30:30
4,2018-07-20 18:31:19
52,2018-07-20 18:31:36
12,2018-07-20 18:32:48
104,2018-07-20 18:34:47
111,2018-07-20 18:36:36
36,2018-07-20 18:37:58
13,2018-07-20 18:38:10
99,2018-07-20 18:41:20
10,2018-07-20 18:43:43
29,2018-07-20 18:44:19
96,2018-07-20 18:46:55
71,2018-07-20 18:46:59
83,2018-07-20 18:47:01
57,2018-07-20 18:49:14
32,2018-07-20 18:49:52
47,2018-07-20 18:50:10
67,2018-07-20 19:09:23
77,2018-07-20 19:24:58
78,2018-07-20 19:25:01
8,2018-07-20 19:25:04
92,2018-07-20 19:25:13
51,2018-07-20 19:32:14
51,2018-07-20 19:32:51
90,2018-07-20 20:03:14
41,2018-07-20 20:27:05
110,2018-07-21 07:50:26
82,2018-07-21 08:19:08
47,2018-07-21 08:19:13
52,2018-07-21 08:20:07
47,2018-07-21 08:23:03
25,2018-07-21 08:23:24
93,2018-07-21 08:25:58
8,2018-07-21 08:26:01
84,2018-07-21 08:26:48
44,2018-07-21 08:27:20
71,2018-07-21 08:27:26
11,2018-07-21 08:29:02
83,2018-07-21 08:29:14
26,2018-07-21 08:32:30
32,2018-07-21 08:33:33
41,2018-07-21 08:35:19
90,2018-07-21 08:35:23
92,2018-07-21 08:36:01
102,2018-07-21 08:36:58
112,2018-07-21 08:40:15
24,2018-07-21 08:40:31
7,2018-07-21 08:42:28
51,2018-07-21 08:55:53
87,2018-07-21 09:03:12
67,2018-07-21 09:03:14
99,2018-07-21 09:07:24
96,2018-07-21 09:11:46
18,2018-07-21 09:12:39
10,2018-07-21 09:17:16
12,2018-07-21 09:17:20
89,2018-07-21 10:00:15
103,2018-07-21 10:10:21
8,2018-07-21 11:20:17
93,2018-07-21 11:51:26
9,2018-07-21 11:52:24
92,2018-07-21 11:55:40
82,2018-07-21 11:55:44
18,2018-07-21 11:56:13
99,2018-07-21 11:56:16
7,2018-07-21 11:57:23
90,2018-07-21 11:58:23
25,2018-07-21 11:58:26
12,2018-07-21 11:58:28
26,2018-07-21 11:58:37
102,2018-07-21 11:59:47
103,2018-07-21 11:59:51
96,2018-07-21 12:02:29
112,2018-07-21 12:03:54
13,2018-07-21 12:04:06
10,2018-07-21 12:04:17
111,2018-07-21 12:04:37
11,2018-07-21 12:06:08
57,2018-07-21 12:13:32
47,2018-07-21 12:13:38
87,2018-07-21 12:14:23
71,2018-07-21 12:28:23
83,2018-07-21 12:29:11
84,2018-07-21 12:29:20
41,2018-07-21 14:04:20
24,2018-07-21 15:11:20
51,2018-07-21 15:46:16
51,2018-07-21 15:46:39
89,2018-07-21 15:46:56
71,2018-07-21 15:53:20
89,2018-07-21 15:53:24
87,2018-07-21 16:00:32
44,2018-07-21 16:02:06
52,2018-07-21 16:43:46
32,2018-07-21 16:46:19
52,2018-07-23 07:10:22
77,2018-07-23 07:25:53
110,2018-07-23 08:00:35
29,2018-07-23 08:10:52
25,2018-07-23 08:15:46
10,2018-07-23 08:22:19
95,2018-07-23 08:24:18
36,2018-07-23 08:25:23
93,2018-07-23 08:25:29
104,2018-07-23 08:25:38
111,2018-07-23 08:27:57
24,2018-07-23 08:28:03
71,2018-07-23 08:28:08
99,2018-07-23 08:29:34
33,2018-07-23 08:29:37
12,2018-07-23 08:31:30
92,2018-07-23 08:31:37
8,2018-07-23 08:32:10
82,2018-07-23 08:34:31
44,2018-07-23 08:36:13
32,2018-07-23 08:37:46
89,2018-07-23 08:43:06
78,2018-07-23 08:43:29
4,2018-07-23 08:43:34
103,2018-07-23 08:45:55
7,2018-07-23 08:45:59
96,2018-07-23 08:48:12
9,2018-07-23 08:48:15
101,2018-07-23 08:55:56
47,2018-07-23 09:04:02
83,2018-07-23 09:09:48
46,2018-07-23 09:12:04
26,2018-07-23 09:12:07
41,2018-07-23 09:15:33
84,2018-07-23 09:19:44
108,2018-07-23 09:21:12
3,2018-07-23 09:25:57
90,2018-07-23 09:30:38
51,2018-07-23 09:33:02
102,2018-07-23 10:14:11
67,2018-07-23 11:30:43
67,2018-07-23 11:30:44
95,2018-07-23 12:03:55
84,2018-07-23 12:05:39
95,2018-07-23 13:27:10
13,2018-07-23 13:30:41
81,2018-07-23 13:48:48
24,2018-07-23 17:17:45
102,2018-07-23 18:03:25
81,2018-07-23 18:04:26
47,2018-07-23 18:06:57
26,2018-07-23 18:07:20
104,2018-07-23 18:07:27
52,2018-07-23 18:08:44
103,2018-07-23 18:10:46
93,2018-07-23 18:17:38
108,2018-07-23 18:18:55
9,2018-07-23 18:25:52
8,2018-07-23 18:25:54
82,2018-07-23 18:26:15
99,2018-07-23 18:26:17
25,2018-07-23 18:26:28
4,2018-07-23 18:26:42
95,2018-07-23 18:30:04
36,2018-07-23 18:34:51
101,2018-07-23 18:35:42
44,2018-07-23 18:39:57
90,2018-07-23 18:40:08
77,2018-07-23 18:44:00
92,2018-07-23 18:44:04
57,2018-07-23 18:44:09
12,2018-07-23 18:47:09
29,2018-07-23 18:48:14
13,2018-07-23 19:09:55
71,2018-07-23 19:10:57
28,2018-07-23 19:10:59
83,2018-07-23 19:11:02
78,2018-07-23 19:13:25
78,2018-07-23 19:13:27
7,2018-07-23 19:14:53
51,2018-07-23 19:20:03
96,2018-07-23 19:20:08
67,2018-07-23 19:20:22
67,2018-07-23 19:20:23
3,2018-07-23 19:20:28
111,2018-07-23 19:21:13
41,2018-07-23 19:30:26
29,2018-07-24 07:34:20
110,2018-07-24 07:53:41
25,2018-07-24 08:00:30
82,2018-07-24 08:11:30
52,2018-07-24 08:15:00
104,2018-07-24 08:20:16
83,2018-07-24 08:20:28
47,2018-07-24 08:20:32
11,2018-07-24 08:22:33
90,2018-07-24 08:22:50
3,2018-07-24 08:24:24
44,2018-07-24 08:24:30
71,2018-07-24 08:26:12
36,2018-07-24 08:27:32
10,2018-07-24 08:27:38
26,2018-07-24 08:27:44
57,2018-07-24 08:27:46
26,2018-07-24 08:27:47
26,2018-07-24 08:27:49
13,2018-07-24 08:28:52
84,2018-07-24 08:28:54
32,2018-07-24 08:29:13
101,2018-07-24 08:29:41
46,2018-07-24 08:31:21
12,2018-07-24 08:31:27
35,2018-07-24 08:31:30
4,2018-07-24 08:31:33
109,2018-07-24 08:31:37
92,2018-07-24 08:31:40
77,2018-07-24 08:32:20
78,2018-07-24 08:32:24
33,2018-07-24 08:33:03
8,2018-07-24 08:35:20
108,2018-07-24 08:35:22
87,2018-07-24 08:35:27
7,2018-07-24 08:35:34
93,2018-07-24 08:39:42
24,2018-07-24 08:39:48
99,2018-07-24 08:40:24
51,2018-07-24 08:42:26
18,2018-07-24 08:45:56
89,2018-07-24 08:49:44
102,2018-07-24 08:53:46
103,2018-07-24 08:57:06
96,2018-07-24 08:57:09
9,2018-07-24 08:59:07
41,2018-07-24 09:21:24
87,2018-07-24 12:11:35
109,2018-07-24 12:14:10
67,2018-07-24 14:23:28
18,2018-07-24 18:00:17
102,2018-07-24 18:01:47
104,2018-07-24 18:02:41
83,2018-07-24 18:03:57
26,2018-07-24 18:04:59
35,2018-07-24 18:05:29
7,2018-07-24 18:11:11
78,2018-07-24 18:15:14
78,2018-07-24 18:15:16
77,2018-07-24 18:15:31
84,2018-07-24 18:15:41
96,2018-07-24 18:15:47
41,2018-07-24 18:15:51
4,2018-07-24 18:15:53
103,2018-07-24 18:15:57
9,2018-07-24 18:17:18
32,2018-07-24 18:17:44
3,2018-07-24 18:18:49
93,2018-07-24 18:20:08
52,2018-07-24 18:22:54
11,2018-07-24 18:24:45
36,2018-07-24 18:29:06
92,2018-07-24 18:31:02
47,2018-07-24 18:32:20
51,2018-07-24 18:33:44
82,2018-07-24 18:33:49
8,2018-07-24 18:34:34
12,2018-07-24 18:45:23
57,2018-07-24 18:45:37
99,2018-07-24 18:49:51
71,2018-07-24 18:51:54
24,2018-07-24 19:00:06
13,2018-07-24 19:20:04
29,2018-07-24 19:21:14
89,2018-07-24 19:30:03
46,2018-07-24 20:06:26
25,2018-07-24 20:11:17
108,2018-07-24 20:11:20
101,2018-07-24 20:11:23
90,2018-07-24 20:11:32
77,2018-07-25 07:28:35
110,2018-07-25 07:49:10
29,2018-07-25 07:53:39
25,2018-07-25 08:13:01
90,2018-07-25 08:13:08
35,2018-07-25 08:13:54
11,2018-07-25 08:19:55
11,2018-07-25 08:19:59
111,2018-07-25 08:20:51
83,2018-07-25 08:21:14
46,2018-07-25 08:24:56
92,2018-07-25 08:25:11
112,2018-07-25 08:26:16
13,2018-07-25 08:26:23
82,2018-07-25 08:26:25
71,2018-07-25 08:26:31
104,2018-07-25 08:28:15
84,2018-07-25 08:28:34
44,2018-07-25 08:28:36
47,2018-07-25 08:29:38
108,2018-07-25 08:29:40
78,2018-07-25 08:29:44
78,2018-07-25 08:29:46
26,2018-07-25 08:29:47
24,2018-07-25 08:29:56
10,2018-07-25 08:31:15
99,2018-07-25 08:31:19
36,2018-07-25 08:31:30
32,2018-07-25 08:31:37
8,2018-07-25 08:32:49
93,2018-07-25 08:32:51
33,2018-07-25 08:33:43
7,2018-07-25 08:33:46
12,2018-07-25 08:36:24
101,2018-07-25 08:36:27
51,2018-07-25 08:36:30
109,2018-07-25 08:38:16
102,2018-07-25 08:38:55
95,2018-07-25 08:38:57
4,2018-07-25 08:41:06
89,2018-07-25 08:47:15
103,2018-07-25 08:57:54
96,2018-07-25 09:00:49
9,2018-07-25 09:00:53
18,2018-07-25 09:00:57
41,2018-07-25 09:05:49
57,2018-07-25 09:13:54
52,2018-07-25 09:58:40
84,2018-07-25 12:06:27
95,2018-07-25 12:08:00
109,2018-07-25 12:17:03
95,2018-07-25 13:28:53
87,2018-07-25 13:29:53
81,2018-07-25 13:55:36
3,2018-07-25 16:55:16
77,2018-07-25 17:33:46
96,2018-07-25 17:57:32
102,2018-07-25 18:00:12
81,2018-07-25 18:00:50
103,2018-07-25 18:01:33
24,2018-07-25 18:01:54
78,2018-07-25 18:02:40
82,2018-07-25 18:02:48
93,2018-07-25 18:03:10
104,2018-07-25 18:05:10
111,2018-07-25 18:12:12
4,2018-07-25 18:12:17
51,2018-07-25 18:17:18
44,2018-07-25 18:17:25
35,2018-07-25 18:20:15
8,2018-07-25 18:21:59
25,2018-07-25 18:22:03
108,2018-07-25 18:22:47
10,2018-07-25 18:22:57
95,2018-07-25 18:23:41
18,2018-07-25 18:25:00
32,2018-07-25 18:26:53
101,2018-07-25 18:28:15
92,2018-07-25 18:28:38
26,2018-07-25 18:30:27
57,2018-07-25 18:31:43
112,2018-07-25 18:33:23
36,2018-07-25 18:33:42
71,2018-07-25 18:34:33
83,2018-07-25 18:34:40
28,2018-07-25 18:36:21
11,2018-07-25 18:45:12
12,2018-07-25 18:45:31
89,2018-07-25 18:53:53
99,2018-07-25 18:59:14
90,2018-07-25 18:59:18
13,2018-07-25 19:07:33
52,2018-07-25 19:10:20
87,2018-07-25 19:10:43
41,2018-07-25 19:11:02
29,2018-07-25 19:17:15
67,2018-07-25 20:02:24
67,2018-07-25 20:02:26
77,2018-07-26 07:39:34
29,2018-07-26 07:59:02
110,2018-07-26 07:59:07
8,2018-07-26 08:01:12
46,2018-07-26 08:09:59
3,2018-07-26 08:14:18
92,2018-07-26 08:16:16
52,2018-07-26 08:16:55
25,2018-07-26 08:17:17
83,2018-07-26 08:17:31
108,2018-07-26 08:20:43
47,2018-07-26 08:20:50
71,2018-07-26 08:21:03
11,2018-07-26 08:21:40
84,2018-07-26 08:24:03
99,2018-07-26 08:28:58
81,2018-07-26 08:29:00
26,2018-07-26 08:29:04
13,2018-07-26 08:29:08
93,2018-07-26 08:29:54
44,2018-07-26 08:31:07
36,2018-07-26 08:32:25
10,2018-07-26 08:32:29
33,2018-07-26 08:32:34
82,2018-07-26 08:33:51
104,2018-07-26 08:33:57
90,2018-07-26 08:34:05
89,2018-07-26 08:36:54
32,2018-07-26 08:36:57
12,2018-07-26 08:37:14
101,2018-07-26 08:37:17
16,2018-07-26 08:39:33
95,2018-07-26 08:41:27
109,2018-07-26 08:42:24
24,2018-07-26 08:42:27
4,2018-07-26 08:43:38
78,2018-07-26 08:45:17
112,2018-07-26 08:45:22
57,2018-07-26 08:45:58
51,2018-07-26 08:46:04
96,2018-07-26 08:46:44
18,2018-07-26 08:48:03
41,2018-07-26 08:49:19
35,2018-07-26 08:59:06
102,2018-07-26 08:59:51
7,2018-07-26 09:02:12
9,2018-07-26 09:05:52
81,2018-07-26 12:01:14
33,2018-07-26 12:04:41
95,2018-07-26 12:06:04
109,2018-07-26 12:07:10
95,2018-07-26 13:25:13
103,2018-07-26 13:29:03
87,2018-07-26 13:41:43
26,2018-07-26 16:21:14
87,2018-07-26 17:27:33
95,2018-07-26 17:28:00
16,2018-07-26 18:03:27
3,2018-07-26 18:03:31
77,2018-07-26 18:05:13
103,2018-07-26 18:05:21
96,2018-07-26 18:06:24
102,2018-07-26 18:06:58
47,2018-07-26 18:07:43
93,2018-07-26 18:10:32
24,2018-07-26 18:14:28
108,2018-07-26 18:14:32
82,2018-07-26 18:15:28
104,2018-07-26 18:17:17
51,2018-07-26 18:17:43
41,2018-07-26 18:17:52
4,2018-07-26 18:18:14
57,2018-07-26 18:26:09
25,2018-07-26 18:30:07
101,2018-07-26 18:30:48
12,2018-07-26 18:36:38
8,2018-07-26 18:50:53
9,2018-07-26 18:50:56
78,2018-07-26 18:51:00
36,2018-07-26 18:51:25
52,2018-07-26 19:01:53
99,2018-07-26 19:03:33
83,2018-07-26 19:05:01
84,2018-07-26 19:05:04
112,2018-07-26 19:06:33
71,2018-07-26 19:08:58
90,2018-07-26 19:09:45
18,2018-07-26 19:24:54
7,2018-07-26 19:26:46
28,2018-07-26 19:33:34
11,2018-07-26 19:33:38
29,2018-07-26 19:34:12
13,2018-07-26 20:09:24
18,2018-07-26 20:12:05
32,2018-07-26 20:12:33
46,2018-07-26 20:25:33
92,2018-07-26 20:31:54
44,2018-07-26 20:42:28
77,2018-07-27 07:29:32
93,2018-07-27 07:57:01
110,2018-07-27 08:05:53
52,2018-07-27 08:14:40
3,2018-07-27 08:17:32
83,2018-07-27 08:19:56
25,2018-07-27 08:21:24
47,2018-07-27 08:21:38
29,2018-07-27 08:24:23
78,2018-07-27 08:25:40
13,2018-07-27 08:26:47
82,2018-07-27 08:26:55
81,2018-07-27 08:28:48
71,2018-07-27 08:28:55
99,2018-07-27 08:30:21
11,2018-07-27 08:30:24
44,2018-07-27 08:30:28
84,2018-07-27 08:30:36
46,2018-07-27 08:30:52
92,2018-07-27 08:31:02
8,2018-07-27 08:33:24
33,2018-07-27 08:34:02
57,2018-07-27 08:34:07
16,2018-07-27 08:36:27
12,2018-07-27 08:38:32
36,2018-07-27 08:38:34
108,2018-07-27 08:38:42
101,2018-07-27 08:38:45
7,2018-07-27 08:40:17
102,2018-07-27 08:42:37
104,2018-07-27 08:42:43
95,2018-07-27 08:42:48
51,2018-07-27 08:44:57
90,2018-07-27 08:45:01
41,2018-07-27 08:46:36
96,2018-07-27 08:46:41
87,2018-07-27 08:48:45
89,2018-07-27 08:53:25
10,2018-07-27 08:53:32
9,2018-07-27 08:53:33
111,2018-07-27 08:53:39
112,2018-07-27 08:56:51
103,2018-07-27 09:14:29
81,2018-07-27 11:57:50
84,2018-07-27 12:18:42
87,2018-07-27 13:31:19
102,2018-07-27 18:00:59
82,2018-07-27 18:01:19
83,2018-07-27 18:03:12
103,2018-07-27 18:06:42
96,2018-07-27 18:06:52
108,2018-07-27 18:06:59
77,2018-07-27 18:08:01
104,2018-07-27 18:08:34
41,2018-07-27 18:09:28
24,2018-07-27 18:11:25
7,2018-07-27 18:15:08
47,2018-07-27 18:16:25
16,2018-07-27 18:17:40
87,2018-07-27 18:20:29
95,2018-07-27 18:20:43
36,2018-07-27 18:20:55
92,2018-07-27 18:26:17
52,2018-07-27 18:28:23
92,2018-07-27 18:29:30
44,2018-07-27 18:35:21
9,2018-07-27 18:35:29
11,2018-07-27 18:36:27
46,2018-07-27 18:36:30
28,2018-07-27 18:37:24
112,2018-07-27 18:42:17
57,2018-07-27 18:47:54
8,2018-07-27 18:55:58
111,2018-07-27 18:56:03
78,2018-07-27 18:56:30
78,2018-07-27 18:56:32
93,2018-07-27 18:56:50
12,2018-07-27 18:58:52
3,2018-07-27 19:00:47
10,2018-07-27 19:01:43
13,2018-07-27 19:02:04
99,2018-07-27 19:03:24
71,2018-07-27 19:06:45
89,2018-07-27 19:13:48
25,2018-07-27 19:29:30
101,2018-07-27 19:30:22
90,2018-07-27 19:30:26
29,2018-07-27 19:38:07
99,2018-07-28 07:42:45
110,2018-07-28 08:00:22
82,2018-07-28 08:10:20
29,2018-07-28 08:10:23
25,2018-07-28 08:16:25
52,2018-07-28 08:16:29
11,2018-07-28 08:17:41
78,2018-07-28 08:18:58
77,2018-07-28 08:19:04
47,2018-07-28 08:20:41
8,2018-07-28 08:22:17
108,2018-07-28 08:24:09
44,2018-07-28 08:25:54
83,2018-07-28 08:25:56
71,2018-07-28 08:26:05
93,2018-07-28 08:27:15
32,2018-07-28 08:28:05
87,2018-07-28 08:28:11
13,2018-07-28 08:28:16
84,2018-07-28 08:28:23
36,2018-07-28 08:32:36
10,2018-07-28 08:36:29
102,2018-07-28 08:37:26
109,2018-07-28 08:37:29
92,2018-07-28 08:37:50
81,2018-07-28 08:38:55
95,2018-07-28 08:38:58
24,2018-07-28 08:39:02
7,2018-07-28 08:40:35
57,2018-07-28 08:42:53
101,2018-07-28 08:44:18
12,2018-07-28 08:46:49
103,2018-07-28 08:48:37
89,2018-07-28 08:48:43
96,2018-07-28 08:53:32
112,2018-07-28 08:53:40
41,2018-07-28 09:01:37
18,2018-07-28 09:32:12
3,2018-07-28 09:37:06
99,2018-07-28 11:14:34
81,2018-07-28 11:14:37
41,2018-07-28 11:40:06
47,2018-07-28 11:44:12
95,2018-07-28 11:44:45
82,2018-07-28 11:50:32
87,2018-07-28 11:50:55
24,2018-07-28 11:52:06
71,2018-07-28 11:57:26
7,2018-07-28 11:57:29
109,2018-07-28 11:57:39
92,2018-07-28 12:00:01
46,2018-07-28 12:00:07
108,2018-07-28 12:02:45
103,2018-07-28 12:02:50
12,2018-07-28 12:02:54
102,2018-07-28 12:02:56
84,2018-07-28 12:03:25
83,2018-07-28 12:03:28
25,2018-07-28 12:03:33
93,2018-07-28 12:03:40
101,2018-07-28 12:03:55
29,2018-07-28 12:04:57
96,2018-07-28 12:21:05
8,2018-07-28 12:21:11
89,2018-07-28 12:45:08
77,2018-07-28 13:57:52
78,2018-07-28 13:57:56
9,2018-07-28 13:58:24
18,2018-07-28 14:48:07
32,2018-07-28 14:48:09
52,2018-07-28 15:53:59
36,2018-07-28 15:54:48
57,2018-07-28 16:16:04
78,2018-07-28 16:25:25
112,2018-07-28 16:25:51
11,2018-07-28 16:26:12
10,2018-07-28 16:29:00
13,2018-07-28 19:08:08
29,2018-07-30 07:56:10
110,2018-07-30 08:00:07
26,2018-07-30 08:10:21
25,2018-07-30 08:18:08
16,2018-07-30 08:21:50
83,2018-07-30 08:22:10
93,2018-07-30 08:23:27
82,2018-07-30 08:24:05
46,2018-07-30 08:26:13
13,2018-07-30 08:26:18
90,2018-07-30 08:26:23
11,2018-07-30 08:27:45
83,2018-07-30 08:28:12
44,2018-07-30 08:29:10
71,2018-07-30 08:30:09
24,2018-07-30 08:30:11
12,2018-07-30 08:30:14
8,2018-07-30 08:31:22
92,2018-07-30 08:31:30
78,2018-07-30 08:32:14
77,2018-07-30 08:32:18
104,2018-07-30 08:32:21
36,2018-07-30 08:32:24
52,2018-07-30 08:32:32
101,2018-07-30 08:33:49
3,2018-07-30 08:33:51
67,2018-07-30 08:33:55
67,2018-07-30 08:33:57
102,2018-07-30 08:35:04
32,2018-07-30 08:35:18
10,2018-07-30 08:35:38
18,2018-07-30 08:37:11
108,2018-07-30 08:37:17
57,2018-07-30 08:37:21
51,2018-07-30 08:37:47
4,2018-07-30 08:38:40
7,2018-07-30 08:40:29
103,2018-07-30 08:42:08
95,2018-07-30 08:42:12
41,2018-07-30 08:43:33
9,2018-07-30 08:43:37
38,2018-07-30 08:45:23
38,2018-07-30 08:45:29
37,2018-07-30 08:47:16
42,2018-07-30 08:50:04
42,2018-07-30 08:50:12
96,2018-07-30 08:51:30
109,2018-07-30 08:51:38
89,2018-07-30 08:56:23
109,2018-07-30 12:05:56
78,2018-07-30 12:38:03
112,2018-07-30 13:10:15
37,2018-07-30 13:17:10
47,2018-07-30 13:24:12
87,2018-07-30 13:41:41
81,2018-07-30 14:06:09
32,2018-07-30 16:28:17
81,2018-07-30 18:00:13
24,2018-07-30 18:08:49
103,2018-07-30 18:09:14
102,2018-07-30 18:09:17
52,2018-07-30 18:14:41
26,2018-07-30 18:14:43
93,2018-07-30 18:15:05
38,2018-07-30 18:15:16
52,2018-07-30 18:15:30
95,2018-07-30 18:16:56
87,2018-07-30 18:17:55
4,2018-07-30 18:19:19
10,2018-07-30 18:19:23
47,2018-07-30 18:19:37
16,2018-07-30 18:20:05
108,2018-07-30 18:20:34
7,2018-07-30 18:21:03
104,2018-07-30 18:21:19
82,2018-07-30 18:21:25
77,2018-07-30 18:21:50
36,2018-07-30 18:21:54
42,2018-07-30 18:21:59
3,2018-07-30 18:24:26
11,2018-07-30 18:27:18
25,2018-07-30 18:30:13
112,2018-07-30 18:32:24
13,2018-07-30 18:32:39
101,2018-07-30 18:32:43
57,2018-07-30 18:37:03
12,2018-07-30 18:38:58
8,2018-07-30 18:48:18
96,2018-07-30 18:50:51
83,2018-07-30 18:56:03
83,2018-07-30 18:56:04
44,2018-07-30 18:56:55
71,2018-07-30 18:56:58
44,2018-07-30 18:57:34
90,2018-07-30 19:26:11
9,2018-07-30 19:34:40
92,2018-07-30 19:38:55
46,2018-07-30 19:39:54
29,2018-07-30 20:00:16
51,2018-07-30 20:06:04
28,2018-07-30 21:07:38
29,2018-07-31 07:42:19
84,2018-07-31 08:00:05
110,2018-07-31 08:00:43
3,2018-07-31 08:05:40
25,2018-07-31 08:13:24
38,2018-07-31 08:13:44
11,2018-07-31 08:15:29
83,2018-07-31 08:15:48
47,2018-07-31 08:19:27
101,2018-07-31 08:21:01
52,2018-07-31 08:22:59
13,2018-07-31 08:23:06
71,2018-07-31 08:23:30
108,2018-07-31 08:24:00
82,2018-07-31 08:24:04
78,2018-07-31 08:26:08
78,2018-07-31 08:26:10
77,2018-07-31 08:26:14
81,2018-07-31 08:27:23
93,2018-07-31 08:28:39
42,2018-07-31 08:28:44
44,2018-07-31 08:28:49
24,2018-07-31 08:29:00
111,2018-07-31 08:30:22
18,2018-07-31 08:30:39
57,2018-07-31 08:31:37
87,2018-07-31 08:33:03
36,2018-07-31 08:34:25
12,2018-07-31 08:34:30
109,2018-07-31 08:35:32
41,2018-07-31 08:35:36
90,2018-07-31 08:35:40
8,2018-07-31 08:36:51
102,2018-07-31 08:38:25
16,2018-07-31 08:39:58
7,2018-07-31 08:42:04
32,2018-07-31 08:42:32
51,2018-07-31 08:42:36
104,2018-07-31 08:44:02
89,2018-07-31 08:46:47
4,2018-07-31 08:46:51
9,2018-07-31 08:46:56
96,2018-07-31 08:48:17
92,2018-07-31 08:48:24
95,2018-07-31 08:48:33
103,2018-07-31 08:49:51
81,2018-07-31 12:00:59
109,2018-07-31 12:07:42
87,2018-07-31 12:07:47
9,2018-07-31 18:02:34
82,2018-07-31 18:05:26
96,2018-07-31 18:06:49
42,2018-07-31 18:08:05
52,2018-07-31 18:18:21
93,2018-07-31 18:18:55
24,2018-07-31 18:19:23
4,2018-07-31 18:20:40
7,2018-07-31 18:21:56
7,2018-07-31 18:23:04
95,2018-07-31 18:23:09
26,2018-07-31 18:23:13
12,2018-07-31 18:30:54
47,2018-07-31 18:31:03
11,2018-07-31 18:31:21
57,2018-07-31 18:42:20
78,2018-07-31 18:43:57
13,2018-07-31 18:46:11
111,2018-07-31 18:46:16
18,2018-07-31 18:46:41
18,2018-07-31 18:47:24
36,2018-07-31 18:48:57
89,2018-07-31 18:49:36
77,2018-07-31 18:50:52
92,2018-07-31 18:51:10
8,2018-07-31 18:57:18
16,2018-07-31 19:02:10
71,2018-07-31 19:04:52
84,2018-07-31 19:05:12
83,2018-07-31 19:05:16
41,2018-07-31 19:05:21
44,2018-07-31 19:07:38
3,2018-07-31 19:52:52
110,2018-07-31 19:52:56
29,2018-07-31 19:54:26
25,2018-07-31 20:02:25
108,2018-07-31 20:02:42
90,2018-07-31 20:02:47
101,2018-07-31 20:02:50
32,2018-07-31 20:39:39
28,2018-07-31 20:41:39
92,2018-07-31 21:04:38
